pdb_id,pdb_file,smiles,rna_chain,ligand_resname,ligand_chain,ligand_resseq,embedding_file,ligand_atom_count,nearest_rna_distance
12ci,12ci.pdb,NCCc1ccc(O)c(O)c1,A,LDP,A,112,,11,2.350
165d,165d.pdb,O=c1[nH]c(=O)n([C@H]2C[C@H](O)[C@@H](COP(=O)(O)O)O2)cc1Br,A,BRU,A,9,,20,1.584
1ajf,1ajf.pdb,[NH3]->[Co@OH25+3](<-[NH3])(<-[NH3])(<-[NH3])(<-[NH3])<-[NH3],A,NCO,A,19,,7,2.434
1aju,1aju.pdb,NC(=[NH2+])NCCC[C@H](N)C(=O)O,A,ARG,A,47,,11,2.923
1akx,1akx.pdb,NC(=[NH2+])NCCC[C@H](N)C(=O)O,A,ARG,A,47,,11,3.051
1am0,1am0.pdb,Nc1ncnc2c1ncn2[C@@H]1O[C@H](COP(=O)(O)O)[C@@H](O)[C@H]1O,A,AMP,A,41,,23,2.507
1arj,1arj.pdb,NC(=[NH2+])NCCC[C@H](N)C(=O)O,N,ARG,N,1,,12,2.704
1byj,1byj.pdb,CN[C@@H]1[C@@H](O)[C@@H](O)OC[C@]1(C)O,A,GE3,A,30,,12,3.272
1c0o,1c0o.pdb,[NH3]->[Co@OH25+3](<-[NH3])(<-[NH3])(<-[NH3])(<-[NH3])<-[NH3],A,NCO,A,15,,7,2.922
1ddy,1ddy.pdb,CC1=C2[C@@H](CCC(N)=O)C(C)(C)C3=CC4=[N]5->[Co@SP3+2]6([N]32)<-[N]2=C1[C@](C)(CCC(=O)NC[C@@H](C)O[P@](=O)(O)O[C@H]1[C@@H](O)[C@@H](n3cnc7cc(C)c(C)cc73)O[C@@H]1CO)[C@@H](CC(N)=O)[C@@H]2[C@]1(C)[N]->6=C(C(C)=C5[C@@](C)(CC(N)=O)[C@@H]4CCC(N)=O)[C@@H](CCC(N)=O)[C@]1(C)CC(N)=O,A,B12,A,101,,91,2.670
1duh,1duh.pdb,Nc1nc2c(ncn2[C@@H]2O[C@H](COP(=O)(O)O)[C@@H](OP(=O)(O)O)[C@H]2O)c(=O)[nH]1,A,PGP,A,75,,27,1.607
1eht,1eht.pdb,Cn1c(=O)c2[nH]cnc2n(C)c1=O,A,TEP,A,34,,13,2.798
1ei2,1ei2.pdb,NC[C@@H]1O[C@H](O[C@H]2[C@@H](O)[C@H](O[C@@H]3[C@@H](O)[C@H](N)C[C@H](N)[C@H]3O[C@H]3O[C@H](CN)[C@@H](O)[C@H](O)[C@H]3N)O[C@@H]2CO)[C@H](N)[C@@H](O)[C@@H]1O,A,NMY,A,26,,42,2.642
1ejz,1ejz.pdb,Nc1nc2c(ncn2[C@@H]2CO[C@H](COP(=O)(O)O)[C@@H](O)C2)c(=O)[nH]1,A,6HG,B,11,,23,2.760
1et4,1et4.pdb,CC1=C2[N]3[Co@OH24+2]45([C]#N)<-[N]6=C1[C@@H](CCC(N)=O)C(C)(C)C6=CC1=[N]->4C(=C(C)C4=[N]->5[C@@](C)([C@H]3[C@H](CC(N)=O)[C@@]2(C)CCC(=O)NC[C@@H](C)O[P@](=O)(O)O[C@H]2[C@@H](O)[C@@H](n3cnc5cc(C)c(C)cc53)O[C@@H]2CO)[C@@](C)(CC(N)=O)[C@@H]4CCC(N)=O)[C@@](C)(CC(N)=O)[C@@H]1CCC(N)=O,A,CNC,A,701,,93,2.932
1evv,1evv.pdb,COC(=O)N[C@H](CCc1c(C)nc2n(C)c3c(ncn3[C@@H]3O[C@H](COP(=O)(O)O)[C@@H](O)[C@H]3O)c(=O)n12)C(=O)OC,A,YG,A,37,,39,1.605
1f1t,1f1t.pdb,CN(C)c1ccc2c(-c3ccccc3)c3ccc(=[N+](C)C)cc-3oc2c1,A,ROS,A,101,,26,2.921
1f27,1f27.pdb,O=C(O)CCCC[C@@H]1SC[C@@H]2NC(=O)N[C@@H]21,A,BTN,A,33,,16,2.871
1f78,1f78.pdb,[NH3]->[Co@OH25+3](<-[NH3])(<-[NH3])(<-[NH3])(<-[NH3])<-[NH3],A,NCO,A,28,,7,2.970
1f79,1f79.pdb,[NH3]->[Co@OH25+3](<-[NH3])(<-[NH3])(<-[NH3])(<-[NH3])<-[NH3],A,NCO,A,28,,7,2.595
1f7h,1f7h.pdb,[NH3]->[Co@OH25+3](<-[NH3])(<-[NH3])(<-[NH3])(<-[NH3])<-[NH3],A,NCO,A,28,,7,3.514
1f7i,1f7i.pdb,[NH3]->[Co@OH25+3](<-[NH3])(<-[NH3])(<-[NH3])(<-[NH3])<-[NH3],A,NCO,A,28,,7,2.875
1fmn,1fmn.pdb,Cc1cc2nc3c(=O)[nH]c(=O)nc-3n(C[C@H](O)[C@H](O)[C@H](O)COP(=O)(O)O)c2cc1C,A,FMN,A,36,,31,2.943
1fuf,1fuf.pdb,Nc1nc(=O)n([C@H]2C[C@H](O)[C@@H](COP(=O)(O)O)O2)cc1Br,A,CBR,A,13,,20,1.605
1fyp,1fyp.pdb,NC[C@@H]1O[C@H](O[C@H]2[C@@H](O)[C@H](O[C@@H]3[C@@H](O)[C@H](N)C[C@H](N)[C@H]3O[C@H]3O[C@H](CO)[C@@H](O)[C@H](O)[C@H]3N)O[C@@H]2CO)[C@H](N)[C@@H](O)[C@@H]1O,A,PAR,A,28,,42,2.616
1gid,1gid.pdb,[NH3]->[Co@OH25+3](<-[NH3])(<-[NH3])(<-[NH3])(<-[NH3])<-[NH3],A,NCO,A,261,,7,2.310
1i9v,1i9v.pdb,NC[C@@H]1O[C@H](O[C@H]2[C@@H](O)[C@H](O[C@@H]3[C@@H](O)[C@H](N)C[C@H](N)[C@H]3O[C@H]3O[C@H](CN)[C@@H](O)[C@H](O)[C@H]3N)O[C@@H]2CO)[C@H](N)[C@@H](O)[C@@H]1O,A,NMY,A,200,,42,2.817
1j7t,1j7t.pdb,NC[C@@H]1O[C@H](O[C@H]2[C@@H](O)[C@H](O[C@@H]3[C@@H](O)[C@H](N)C[C@H](N)[C@H]3O[C@H]3O[C@H](CO)[C@@H](O)[C@H](O)[C@H]3N)O[C@@H]2CO)[C@H](N)[C@@H](O)[C@@H]1O,A,PAR,A,45,,42,2.514
1j8g,1j8g.pdb,NCCCNCCCCNCCCN,C,SPM,A,62,,14,2.848
1koc,1koc.pdb,NC(=[NH2+])NCCC[C@H](N)C(=O)O,B,ARG,B,1,,12,2.756
1kod,1kod.pdb,NC(=O)NCCC[C@H](N)C(=O)O,B,CIR,B,1,,12,2.588
1lc4,1lc4.pdb,NC[C@H]1O[C@H](O[C@H]2[C@H](O)[C@@H](O[C@H]3O[C@H](CO)[C@@H](O)[C@H](N)[C@H]3O)[C@H](N)C[C@@H]2N)[C@H](N)C[C@@H]1O,A,TOY,A,47,,32,2.600
1lvj,1lvj.pdb,CC(=O)c1ccc2c(c1)N(CCCN(C)C)c1ccccc1S2,A,PMZ,A,47,,23,2.421
1mdg,1mdg.pdb,Nc1nc2c(nc(Br)n2[C@H]2C[C@H](O)[C@@H](COP(=O)(O)O)O2)c(=O)[nH]1,A,BGM,A,2,,23,1.592
1mwl,1mwl.pdb,CN[C@@H]1[C@@H](O)[C@@H](O[C@@H]2[C@@H](O)[C@H](O[C@H]3O[C@H]([C@@H](C)O)[C@@H](O)[C@H](O)[C@H]3N)[C@@H](N)C[C@H]2N)OC[C@]1(C)O,A,GET,A,45,,34,2.429
1nbk,1nbk.pdb,[H]/N=C(/N)NCCC[C@H]([NH3+])C(=O)O,A,GND,A,35,,12,2.431
1nem,1nem.pdb,NC[C@@H]1O[C@H](O)[C@H](N)[C@@H](O)[C@@H]1O,A,IDG,B,2,,11,2.761
1nta,1nta.pdb,[H]/N=C(/N)N[C@H]1[C@H](O)[C@@H](O)[C@H](O[C@@H]2O[C@@H](C)[C@](O)(C=O)[C@H]2O[C@@H]2O[C@@H](CO)[C@H](O)[C@@H](O)[C@@H]2NC)[C@@H](N/C(N)=N\[H])[C@@H]1O,A,SRY,A,26,,40,2.336
1ntb,1ntb.pdb,[H]/N=C(/N)N[C@H]1[C@H](O)[C@@H](O)[C@H](O[C@@H]2O[C@@H](C)[C@](O)(C=O)[C@H]2O[C@@H]2O[C@@H](CO)[C@H](O)[C@@H](O)[C@@H]2NC)[C@@H](N/C(N)=N\[H])[C@@H]1O,A,SRY,A,25,,40,2.562
1nyi,1nyi.pdb,Nc1nc2c(ncn2[C@@H]2O[C@H](COP(=O)(O)O)[C@@H](O)[C@H]2O)c(=O)[nH]1,A,5GP,A,500,,20,1.579
1o15,1o15.pdb,Cn1c(=O)c2[nH]cnc2n(C)c1=O,A,TEP,A,34,,13,2.870
1o9m,1o9m.pdb,NC[C@H]1O[C@H](O)[C@H](N)[C@@H](O)[C@@H]1O,B,BDG,B,2499,,12,2.491
1pbr,1pbr.pdb,NC[C@@H]1O[C@H](O)[C@H](N)[C@@H](O)[C@@H]1O,A,IDG,B,2,,11,2.997
1q8n,1q8n.pdb,CN(C)c1ccc(C(=C2C=CC(=[N+](C)C)C=C2)c2ccccc2)cc1,A,MGR,A,39,,25,2.276
1qd3,1qd3.pdb,NC[C@H]1O[C@H](O)[C@H](N)[C@@H](O)[C@@H]1O,A,BDG,A,46,,12,2.574
1raw,1raw.pdb,Nc1ncnc2c1ncn2[C@@H]1O[C@H](COP(=O)(O)O)[C@@H](O)[C@H]1O,A,AMP,A,37,,23,2.142
1tn1,1tn1.pdb,COC(=O)N[C@H](CCc1c(C)nc2n(C)c3c(ncn3[C@@H]3O[C@H](COP(=O)(O)O)[C@@H](O)[C@H]3O)c(=O)n12)C(=O)OC,A,YG,A,37,,39,1.618
1tn2,1tn2.pdb,COC(=O)N[C@H](CCc1c(C)nc2n(C)c3c(ncn3[C@@H]3O[C@H](COP(=O)(O)O)[C@@H](O)[C@H]3O)c(=O)n12)C(=O)OC,A,YG,A,37,,39,1.618
1tob,1tob.pdb,[NH3+][C@@H]1[C@@H](O)[C@@H](O)O[C@H](CO)[C@H]1O,A,TOA,A,28,,11,2.900
1uts,1uts.pdb,NCCCOc1ccc(-c2ccc3[nH]ccc3c2)cc1CNCCN1CCNCC1,B,P13,B,1046,,30,2.715
1uud,1uud.pdb,COc1ccc(OCCNC(N)=[NH2+])c(CNCCCCNC(N)=[NH2+])c1,B,P14,B,1046,,25,2.467
1uui,1uui.pdb,[H]/N=C(\N)N1CC[NH+](Cc2cc(OC)ccc2OCCC[NH3+])CC1,B,P12,B,1046,,23,2.494
1x9c,1x9c.pdb,CO[C@@H]1[C@H](O)[C@@H](COP(=O)(O)O)O[C@H]1n1cnc2c(N)ncnc21,A,A2M,A,5,,23,1.606
1xpf,1xpf.pdb,NCCCNCCCCNCCCN,A,SPM,A,108,,14,2.538
1xst,1xst.pdb,[NH3]->[Co@OH25+3](<-[NH3])(<-[NH3])(<-[NH3])(<-[NH3])<-[NH3],A,NCO,A,28,,7,2.514
1xsu,1xsu.pdb,[NH3]->[Co@OH25+3](<-[NH3])(<-[NH3])(<-[NH3])(<-[NH3])<-[NH3],A,NCO,A,28,,7,3.123
1y0q,1y0q.pdb,[NH3+]CCC[NH2+]CCCC[NH2+]CCC[NH3+],A,SPK,A,253,,14,4.440
1y27,1y27.pdb,Nc1nc2c(ncn2[C@@H]2O[C@H](CO[P@](=O)(O)OP(=O)(O)O)[C@@H](O)[C@H]2O)c(=O)[nH]1,X,GDP,X,14,,28,1.513
1ykv,1ykv.pdb,CCCCCN1C(=O)[C@H]2[C@H]3c4ccccc4[C@](CO)(c4ccccc43)[C@H]2C1=O,A,DAI,A,100,,28,3.113
1yls,1yls.pdb,CCCCCN1C(=O)[C@H]2[C@H]3c4ccccc4[C@](CO)(c4ccccc43)[C@H]2C1=O,A,DAI,A,100,,28,3.085
1yrj,1yrj.pdb,CN[C@@H]1[C@@H](O[C@H]2O[C@H](CO)[C@@H](N)[C@H](O)[C@H]2O)O[C@H]2C[C@@H](N)[C@@H](O[C@H]3[C@H](O)[C@@H](O)[C@H](N)C[C@@H]3N)O[C@@H]2[C@@H]1O,A,AM2,A,151,,37,2.425
1zft,1zft.pdb,CO[C@@H]1[C@H](O)[C@@H](COP(=O)(O)O)O[C@H]1n1cnc2c(N)ncnc21,A,A2M,A,5,,23,1.598
1zfv,1zfv.pdb,[NH3]->[Co@OH25+3](<-[NH3])(<-[NH3])(<-[NH3])(<-[NH3])<-[NH3],C,NCO,D,101,,7,2.544
1zfx,1zfx.pdb,[NH3]->[Co@OH25+3](<-[NH3])(<-[NH3])(<-[NH3])(<-[NH3])<-[NH3],B,NCO,B,102,,7,2.523
1zz5,1zz5.pdb,NC[C@@H]1O[C@H](O[C@H]2[C@@H](O)[C@@H]3O[C@@H]4[C@@H](O)[C@H](N)C[C@H](N)[C@H]4O[C@H]4O[C@H](CN)[C@@H](O)[C@H](O)[C@H]4NC[C@H]2O3)[C@H](N)[C@@H](O)[C@@H]1O,A,CNY,A,42,,41,2.756
21cc,21cc.pdb,C=CC1=C(C)c2cc3[nH]c(cc4nc(cc5[nH]c(cc1n2)c(C)c5C=C)C(C)=C4CCC(=O)O)c(CCC(=O)O)c3C,A,PP9,B,101,,42,2.937
23jz,23jz.pdb,[H]/N=C(/N)NC(=O)c1nc(Cl)c(N)nc1N,A,AMR,A,101,,15,2.606
23ka,23ka.pdb,[H]/N=C(/N)NC(=O)c1nc(Cl)c(N)nc1N,A,AMR,A,101,,15,1.308
2a04,2a04.pdb,NC[C@@H]1O[C@H](O[C@H]2[C@@H](O)[C@H](O[C@@H]3[C@@H](O)[C@H](N)C[C@H](N)[C@H]3O[C@H]3O[C@H](CN)[C@@H](O)[C@H](O)[C@H]3N)O[C@@H]2CO)[C@H](N)[C@@H](O)[C@@H]1O,B,NMY,A,17,,42,2.563
2au4,2au4.pdb,Nc1nc2c(ncn2[C@@H]2O[C@H](CO[P@](=O)(O)O[P@](=O)(O)OP(=O)(O)O)[C@@H](O)[C@H]2O)c(=O)[nH]1,A,GTP,A,42,,32,2.417
2b57,2b57.pdb,Nc1nc(N)c2nc[nH]c2n1,A,6AP,A,91,,11,2.707
2bcy,2bcy.pdb,Nc1ncc2ncn([C@@H]3O[C@H](COP(=O)(O)O)[C@@H](O)[C@H]3O)c2n1,B,MTU,B,8,,22,1.598
2bcz,2bcz.pdb,[NH3]->[Co@OH25+3](<-[NH3])(<-[NH3])(<-[NH3])(<-[NH3])<-[NH3],B,NCO,B,14,,7,2.683
2be0,2be0.pdb,NC[C@@H]1O[C@H](O[C@H]2[C@@H](OCCNC[C@@H]3CCCNC3)[C@H](O[C@@H]3[C@@H](O)[C@H](N)C[C@H](N)[C@H]3O[C@H]3O[C@H](CO)[C@@H](O)[C@H](O)[C@H]3N)O[C@@H]2CO)[C@H](N)[C@@H](O)[C@@H]1O,A,JS5,A,50,,52,2.387
2bee,2bee.pdb,NCCCNCCO[C@H]1[C@H](O[C@@H]2[C@@H](O)[C@H](N)C[C@H](N)[C@H]2O[C@H]2O[C@H](CO)[C@@H](O)[C@H](O)[C@H]2N)O[C@H](CO)[C@H]1O[C@H]1O[C@@H](CN)[C@@H](O)[C@H](O)[C@H]1N,A,JS4,A,50,,49,2.488
2cd5,2cd5.pdb,[NH3]->[Co@OH25+3](<-[NH3])(<-[NH3])(<-[NH3])(<-[NH3])<-[NH3],A,NCO,A,1028,,7,3.141
2cd6,2cd6.pdb,[NH3]->[Co@OH25+3](<-[NH3])(<-[NH3])(<-[NH3])(<-[NH3])<-[NH3],A,NCO,A,1028,,7,2.517
2cky,2cky.pdb,Cc1ncc(C[n+]2csc(CCO[P@](=O)(O)OP(=O)(O)O)c2C)c(N)n1,A,TPP,A,1084,,26,2.600
2d2k,2d2k.pdb,CO[C@@H]1[C@H](O)[C@@H](COP(=O)(O)O)O[C@H]1n1cnc2c(N)ncnc21,A,A2M,A,5,,23,1.594
2d2l,2d2l.pdb,CO[C@@H]1[C@H](O)[C@@H](COP(=O)(O)O)O[C@H]1n1cnc2c(N)ncnc21,A,A2M,A,5,,23,1.608
2dqo,2dqo.pdb,CO[C@@H]1[C@H](O)[C@@H](COP(=O)(O)O)O[C@H]1n1ccc(=O)[nH]c1=O,B,OMU,A,2,,21,2.754
2dqp,2dqp.pdb,CO[C@@H]1[C@H](O)[C@@H](COP(=O)(O)O)O[C@H]1n1ccc(=O)[nH]c1=O,B,OMU,A,2,,21,2.706
2dqq,2dqq.pdb,CO[C@@H]1[C@H](O)[C@@H](COP(=O)(O)O)O[C@H]1n1ccc(=O)[nH]c1=O,B,OMU,A,2,,21,2.800
2ees,2ees.pdb,O=c1[nH]cnc2nc[nH]c12,A,HPA,A,90,,10,2.871
2eet,2eet.pdb,O=c1[nH]cnc2nc[nH]c12,A,HPA,A,90,,10,2.727
2eeu,2eeu.pdb,O=c1[nH]cnc2nc[nH]c12,A,HPA,A,90,,10,2.756
2eev,2eev.pdb,O=c1[nH]cnc2nc[nH]c12,A,HPA,A,90,,10,2.615
2eew,2eew.pdb,O=c1[nH]cnc2nc[nH]c12,A,HPA,A,90,,10,2.738
2esi,2esi.pdb,NC[C@H]1O[C@H](O[C@H]2[C@H](O)[C@@H](O[C@H]3O[C@H](CO)[C@@H](O)[C@H](N)[C@H]3O)[C@H](N)C[C@@H]2N)[C@H](O)[C@@H](O)[C@@H]1O,B,KAN,A,51,,33,2.572
2esj,2esj.pdb,NC[C@@H]1O[C@H](O[C@H]2[C@@H](O)[C@H](O[C@@H]3[C@@H](O)[C@H](N)C[C@H](N)[C@H]3O[C@H]3O[C@H](CO)[C@@H](O)C[C@H]3N)O[C@@H]2CO)[C@H](N)[C@@H](O)[C@@H]1O[C@H]1O[C@H](CO)[C@@H](O)[C@H](O)[C@@H]1O,A,LIV,A,50,,52,2.528
2et3,2et3.pdb,CN[C@@H]1[C@@H](O)[C@@H](O[C@@H]2[C@@H](O)[C@H](O[C@H]3O[C@H](CN)CC[C@H]3N)[C@@H](N)C[C@H]2N)OC[C@]1(C)O,A,LLL,A,50,,31,2.585
2et4,2et4.pdb,NC[C@@H]1O[C@H](O[C@H]2[C@@H](O)[C@H](O[C@@H]3[C@@H](O)[C@H](N)C[C@H](N)[C@H]3O[C@H]3O[C@H](CN)[C@@H](O)[C@H](O)[C@H]3N)O[C@@H]2CO)[C@H](N)[C@@H](O)[C@@H]1O,A,NMY,A,50,,42,2.530
2et5,2et5.pdb,NC[C@H]1O[C@H](O[C@H]2[C@H](O[C@@H]3O[C@H](CO)[C@@H](O)[C@H]3O)[C@@H](O)[C@H](N)C[C@@H]2N)[C@H](N)[C@@H](O)[C@@H]1O,A,RIO,A,54,,31,2.488
2et8,2et8.pdb,NC[C@H]1O[C@H](O[C@H]2[C@H](O)[C@@H](O)[C@H](N)C[C@@H]2N)[C@H](N)[C@@H](O)[C@@H]1O,B,XXX,B,51,,22,2.532
2f4s,2f4s.pdb,NC[C@H]1O[C@H](O[C@H]2[C@H](O)[C@@H](O)[C@H](N)C[C@@H]2N)[C@H](N)[C@@H](O)[C@@H]1O,A,XXX,B,501,,22,2.369
2f4t,2f4t.pdb,NCCNCCO[C@@H]1[C@@H](O)[C@H](O[C@H]2O[C@H](CN)[C@@H](O)[C@H](O)[C@H]2N)[C@@H](N)C[C@H]1NC(=O)[C@H](O)CCN,B,AB9,B,1,,35,2.349
2f4u,2f4u.pdb,NCCCNCCO[C@@H]1[C@@H](O)[C@H](O[C@H]2O[C@H](CO)[C@@H](O)[C@H](O)[C@H]2N)[C@@H](N)C[C@H]1NC(=O)[C@H](O)CCN,B,AB6,B,41,,36,2.607
2fcx,2fcx.pdb,NC[C@H]1O[C@H](O[C@H]2[C@H](O)[C@@H](O)[C@H](N)C[C@@H]2N)[C@H](N)[C@@H](O)[C@@H]1O,B,XXX,A,101,,22,2.582
2fcy,2fcy.pdb,NC[C@@H]1O[C@H](O[C@H]2[C@@H](O)[C@H](O[C@@H]3[C@@H](O)[C@H](N)C[C@H](N)[C@H]3O[C@H]3O[C@H](CN)[C@@H](O)[C@H](O)[C@H]3N)O[C@@H]2CO)[C@H](N)[C@@H](O)[C@@H]1O,B,NMY,A,1001,,42,2.581
2fcz,2fcz.pdb,NC[C@H]1O[C@H](O[C@H]2[C@H](O[C@@H]3O[C@H](CO)[C@@H](O)[C@H]3O)[C@@H](O)[C@H](N)C[C@@H]2N)[C@H](N)[C@@H](O)[C@@H]1O,A,RIO,A,1024,,31,2.697
2fd0,2fd0.pdb,NC[C@@H]1O[C@H](O[C@H]2[C@@H](O)[C@H](O[C@@H]3[C@@H](O)[C@H](N)C[C@H](N)[C@H]3O[C@H]3O[C@H](CO)[C@@H](O)C[C@H]3N)O[C@@H]2CO)[C@H](N)[C@@H](O)[C@@H]1O[C@H]1O[C@H](CO)[C@@H](O)[C@H](O)[C@@H]1O,A,LIV,A,1001,,52,2.449
2fgp,2fgp.pdb,Nc1nc(N)c2ncn([C@@H]3O[C@H](COP(=O)(O)O)[C@@H](O)[C@H]3O)c2n1,B,N6G,B,8,,23,1.602
2fqn,2fqn.pdb,[NH3]->[Co@OH25+3](<-[NH3])(<-[NH3])(<-[NH3])(<-[NH3])<-[NH3],A,NCO,A,101,,7,2.759
2g5k,2g5k.pdb,CN[C@@H]1[C@@H](O[C@H]2O[C@H](CO)[C@@H](N)[C@H](O)[C@H]2O)O[C@H]2C[C@@H](N)[C@@H](O[C@H]3[C@H](O)[C@@H](O)[C@H](N)C[C@@H]3N)O[C@@H]2[C@@H]1O,B,AM2,A,102,,37,2.568
2g9c,2g9c.pdb,Nc1cc(N)nc(N)n1,A,3AY,A,91,,9,2.715
2gcv,2gcv.pdb,Nc1ncnc2c1ncn2[C@@H]1O[C@H](COP(=O)(O)O)[C@H]2O[P@](=O)(O)O[C@H]21,B,A23,B,145,,25,1.603
2gdi,2gdi.pdb,Nc1nc2c(ncn2[C@@H]2O[C@H](CO[P@](=O)(O)O[P@](=O)(O)OP(=O)(O)O)[C@@H](O)[C@H]2O)c(=O)[nH]1,Y,GTP,Y,10,,32,1.596
2gis,2gis.pdb,C[S@@+](CC[C@H](N)C(=O)[O-])C[C@H]1O[C@@H](n2cnc3c(N)ncnc32)[C@H](O)[C@@H]1O,A,SAM,A,301,,27,2.679
2gun,2gun.pdb,CO[C@@H]1[C@H](O)[C@@H](CNC(=O)[C@@H](C)C[C@H]2C[C@H](n3cc(C)c(=O)[nH]c3=O)O[C@@H]2COP(=O)(O)O)O[C@H]1n1cc(C)c(=O)[nH]c1=O,B,T2T,A,4,,43,2.293
2h0w,2h0w.pdb,Nc1ncnc2c1ncn2[C@@H]1O[C@H](COP(=O)(O)O)[C@H]2O[P@](=O)(O)O[C@H]21,B,A23,B,145,,25,1.611
2h0z,2h0z.pdb,O=P(O)(O)OC[C@H]1O[C@H](O)[C@H](O)[C@@H](O)[C@@H]1O,A,G6P,A,301,,16,2.690
2ho6,2ho6.pdb,Nc1ncnc2c1ncn2[C@@H]1O[C@H](COP(=O)(O)O)[C@H]2O[P@](=O)(O)O[C@H]21,B,A23,B,145,,25,1.613
2ho7,2ho7.pdb,Nc1ncnc2c1ncn2[C@@H]1O[C@H](COP(=O)(O)O)[C@H]2O[P@](=O)(O)O[C@H]21,B,A23,B,145,,25,1.615
2hoj,2hoj.pdb,Cc1ncc(C[n+]2csc(CCO[P@](=O)(O)OP(=O)(O)O)c2C)c(N)n1,A,TPP,A,114,,26,2.646
2hok,2hok.pdb,Cc1ncc(C[n+]2csc(CCO[P@](=O)(O)OP(=O)(O)O)c2C)c(N)n1,A,TPP,A,93,,26,1.981
2hol,2hol.pdb,Cc1ncc(C[n+]2csc(CCO[P@](=O)(O)OP(=O)(O)O)c2C)c(N)n1,A,TPP,A,105,,26,2.528
2hom,2hom.pdb,Cc1ncc(C[n+]2csc(CCOP(=O)(O)O)c2C)c(N)n1,A,TPS,A,97,,22,2.450
2hoo,2hoo.pdb,Cc1ncc(CN(C=O)[C@@H](C)[C@@H](CCOP(=O)(O)O)SC(=O)c2ccccc2)c(N)n1,A,BFT,A,95,,31,2.627
2hop,2hop.pdb,Cc1ncc(C[n+]2cccc(CCO)c2C)c(N)n1,A,218,A,92,,19,2.436
2i7e,2i7e.pdb,[NH3]->[Co@OH25+3](<-[NH3])(<-[NH3])(<-[NH3])(<-[NH3])<-[NH3],A,NCO,A,101,,7,2.599
2juk,2juk.pdb,NC(=[NH2+])NC[C@@H]1O[C@H](O[C@@H]2[C@H](O[C@@H]3O[C@H](CO)[C@@H](O[C@H]4O[C@@H](CNC(N)=[NH2+])[C@H](O)[C@@H](O)[C@@H]4NC(N)=[NH2+])[C@@H]3O)[C@@H](O)[C@H](NC(N)=[NH2+])C[C@@H]2NC(N)=[NH2+])[C@@H](NC(N)=[NH2+])[C@H](O)[C@H]1O,A,G0B,A,23,,60,2.640
2kd4,2kd4.pdb,Nc1ccc2cc3ccc(N)cc3nc2c1,A,PRL,A,17,,16,2.774
2kgp,2kgp.pdb,O=C1c2c(O)ccc(O)c2C(=O)c2c(NCCNCCO)ccc(NCCNCCO)c21,A,MIX,A,26,,32,2.223
2ktz,2ktz.pdb,CN(C)CCCn1c(N)nc2ccc3c(c21)C[C@H](CN(C)C)O3,A,ISH,A,39,,23,2.813
2ku0,2ku0.pdb,CN(C)CCCn1c(N)nc2ccc3c(c21)C[C@@H](CN(C)C)O3,A,ISI,A,39,,23,2.799
2kx8,2kx8.pdb,NC(=[NH2+])NCCC[C@H](N)C(=O)O,A,ARG,A,392,,11,2.804
2kxm,2kxm.pdb,NC[C@H]1O[C@H](O[C@H]2[C@H](O[C@@H]3O[C@H](CO)[C@@H](O)[C@H]3O)[C@@H](O)[C@H](N)C[C@@H]2N)[C@H](N)[C@@H](O)[C@@H]1O,A,RIO,A,101,,31,2.872
2l1v,2l1v.pdb,NCc1c[nH]c2nc(N)[nH]c(=O)c12,A,PRF,A,37,,13,2.363
2l8h,2l8h.pdb,COc1cc(N)cc2ccccc12,A,L8H,A,2,,13,2.655
2l94,2l94.pdb,C[NH+](C)CCC/[NH+]=C(\N)c1ccc(/C(N)=[NH+]/CCC[NH+](C)C)cc1,A,L94,A,46,,24,2.685
2lwk,2lwk.pdb,COc1cc2nc(N3CCNCC3)nc(N)c2cc1OC,A,0EC,A,101,,21,2.597
2m4q,2m4q.pdb,CN[C@@H]1[C@@H](O[C@H]2O[C@H](CO)[C@@H](N)[C@H](O)[C@H]2O)O[C@H]2C[C@@H](N)[C@@H](O[C@H]3[C@H](O)[C@@H](O)[C@H](N)C[C@@H]3N)O[C@@H]2[C@@H]1O,1,AM2,1,101,,37,2.689
2miy,2miy.pdb,NCc1c[nH]c2nc(N)[nH]c(=O)c12,A,PRF,A,101,,13,2.492
2mxs,2mxs.pdb,NC[C@@H]1O[C@H](O[C@H]2[C@@H](O)[C@H](O[C@@H]3[C@@H](O)[C@H](N)C[C@H](N)[C@H]3O[C@H]3O[C@H](CO)[C@@H](O)[C@H](O)[C@H]3N)O[C@@H]2CO)[C@H](N)[C@@H](O)[C@@H]1O,A,PAR,A,101,,42,2.893
2n0j,2n0j.pdb,NC[C@H]1O[C@H](O[C@H]2[C@H](O[C@@H]3O[C@H](CO)[C@@H](O)[C@H]3O)[C@@H](O)[C@H](N)C[C@@H]2N)[C@H](N)[C@@H](O)[C@@H]1O,A,RIO,A,101,,31,2.918
2npy,2npy.pdb,N[C@@H]1[C@H](O)[C@@H](COP(=O)(O)O)O[C@H]1n1ccc(=O)[nH]c1=O,A,2AU,A,5,,20,1.602
2npz,2npz.pdb,O=P(O)(O)OCCCO,B,PDI,B,14,,8,1.591
2o3v,2o3v.pdb,N[C@@H]1[C@@H](OCO[C@@H]2[C@@H](N)[C@@H](O[C@H]3[C@H](O)[C@@H](O)[C@H](N)C[C@@H]3N)O[C@H](CO)[C@H]2O)[C@H](O)[C@@H](CO)O[C@@H]1O,A,N33,A,50,,35,2.554
2o3w,2o3w.pdb,NC[C@@H]1O[C@H](O[C@H]2[C@@H](O)[C@H](O[C@@H]3[C@@H](O)[C@H](N)C[C@H](N)[C@H]3O[C@H]3O[C@H](CO)[C@@H](O)[C@H](O)[C@H]3N)O[C@@H]2CO)[C@H](N)[C@@H](O)[C@@H]1O,B,PAR,B,101,,42,2.598
2o3x,2o3x.pdb,NC[C@H]1O[C@@H](O[C@@H]2[C@@H](O)[C@H](N)C[C@H](N)[C@H]2O[C@H]2O[C@H](CO)[C@@H](O)[C@H](O)[C@H]2N)[C@H](O)[C@@H]1O,B,N30,B,1,,31,2.689
2o3y,2o3y.pdb,NCCCNCCCCNCCCN,B,SPM,A,51,,14,2.459
2oe5,2oe5.pdb,CN[C@@H]1[C@@H](O[C@H]2O[C@H](CO)[C@@H](N)[C@H](O)[C@H]2O)O[C@H]2C[C@@H](N)[C@@H](O[C@H]3[C@H](O)[C@@H](O)[C@H](N)C[C@@H]3N)O[C@@H]2[C@@H]1O,B,AM2,B,101,,37,2.702
2oe8,2oe8.pdb,CN[C@@H]1[C@@H](O[C@H]2O[C@H](CO)[C@@H](N)[C@H](O)[C@H]2O)O[C@H]2C[C@@H](N)[C@@H](O[C@H]3[C@H](O)[C@@H](O)[C@H](N)C[C@@H]3N)O[C@@H]2[C@@H]1O,B,AM2,B,101,,37,2.657
2oue,2oue.pdb,CO[C@@H]1[C@H](O)[C@@H](COP(=O)(O)O)O[C@H]1n1cnc2c(N)ncnc21,A,A2M,A,-1,,23,1.603
2p7d,2p7d.pdb,O=P(O)(O)OCCOCCOCCO,C,S9L,B,14,,13,1.606
2p7e,2p7e.pdb,Nc1ncnc2c1ncn2[C@@H]1O[C@H](COP(=O)(O)O)[C@H]2[O][V@](=[O])([OH])[O][C@H]21,A,AVC,A,5,,25,1.613
2p7f,2p7f.pdb,Nc1ncnc2c1ncn2[C@@H]1O[C@H](COP(=O)(O)O)C[C@H]1O,A,3DA,A,5,,21,1.602
2pwt,2pwt.pdb,NCC[C@H](O)C(=O)N[C@@H]1C[C@H](N)[C@@H](O[C@H]2O[C@H](CO)[C@@H](O)[C@H](O)[C@H]2N)[C@H](O[C@@H]2O[C@H](CO)[C@@H](O[C@H]3O[C@@H](CN)[C@@H](O)[C@H](O)[C@H]3N)[C@H]2OCCNCCc2ccccc2)[C@H]1O,B,LHA,A,51,,60,2.636
2qwy,2qwy.pdb,C[S@@+](CC[C@H](N)C(=O)[O-])C[C@H]1O[C@@H](n2cnc3c(N)ncnc32)[C@H](O)[C@@H]1O,A,SAM,A,100,,27,2.580
2tob,2tob.pdb,[NH3+][C@@H]1[C@@H](O)[C@@H](O)O[C@H](CO)[C@H]1O,A,TOA,A,100,,11,2.522
2tra,2tra.pdb,Cn1c(N)nc2c(ncn2[C@@H]2O[C@H](COP(=O)(O)O)[C@@H](O)[C@H]2O)c1=O,A,1MG,A,37,,24,1.613
2xnw,2xnw.pdb,Nc1nc2[nH]nc(N)[n+]2[nH]1,A,ZZR,A,1089,,10,2.705
2xnz,2xnz.pdb,Cc1nc(N)nc(N)n1,A,3AW,A,1088,,9,2.681
2xo0,2xo0.pdb,Nc1ncnc(N)n1,A,ZZS,A,110,,8,2.540
2xo1,2xo1.pdb,CNc1ncnc2[nH]cnc12,A,N6M,A,1081,,11,2.768
2ydh,2ydh.pdb,C[S@@+](CC[C@H](N)C(=O)[O-])C[C@H]1O[C@@H](n2cnc3c(N)ncnc32)[C@H](O)[C@@H]1O,A,SAM,A,1100,,27,2.270
2ygh,2ygh.pdb,C[S@@+](CC[C@H](N)C(=O)[O-])C[C@H]1O[C@@H](n2cnc3c(N)ncnc32)[C@H](O)[C@@H]1O,A,SAM,A,1096,,27,2.601
2yie,2yie.pdb,Cc1cc2nc3c(=O)[nH]c(=O)nc-3n(C[C@H](O)[C@H](O)[C@H](O)COP(=O)(O)O)c2cc1C,X,FMN,Z,1114,,31,2.555
2z74,2z74.pdb,O=P(O)(O)OC[C@H]1O[C@H](O)[C@H](O)[C@@H](O)[C@@H]1O,A,G6P,A,201,,16,2.640
2z75,2z75.pdb,N[C@@H]1[C@@H](O)[C@H](O)[C@@H](COP(=O)(O)O)O[C@@H]1O,A,GLP,A,201,,16,2.722
357d,357d.pdb,O=c1ccn([C@@H]2O[C@H](COP(O)(O)=S)[C@@H](O)[C@H]2O)c(=O)[nH]1,A,SSU,A,5,,20,1.603
3b31,3b31.pdb,[NH2][Ir+3]([NH2])([NH2])([NH2])([NH2])[NH2],A,IRI,A,1,,7,2.533
3b4a,3b4a.pdb,Nc1ncnc2c1ncn2[C@@H]1O[C@H](COP(=O)(O)O)[C@H]2O[P@](=O)(O)O[C@H]21,B,A23,B,145,,25,1.607
3b4b,3b4b.pdb,Nc1ncnc2c1ncn2[C@@H]1O[C@H](CO)C[C@H]1O,A,3AD,A,-1,,18,1.601
3b4c,3b4c.pdb,Nc1ncnc2c1ncn2[C@@H]1O[C@H](CO)C[C@H]1O,A,3AD,A,-1,,18,1.609
3b58,3b58.pdb,O=P(O)(O)OCCOCCOCCO,B,S9L,B,14,,13,1.605
3b5a,3b5a.pdb,CO[C@@H]1[C@H](O)[C@@H](COP(=O)(O)O)O[C@H]1n1cnc2c(N)ncnc21,A,A2M,A,5,,23,1.611
3b5f,3b5f.pdb,Nc1nc(N)c2ncn([C@@H]3O[C@H](COP(=O)(O)O)[C@@H](O)[C@H]3O)c2n1,C,N6G,C,38,,23,1.595
3b5s,3b5s.pdb,CO[C@@H]1[C@H](O)[C@@H](COP(=O)(O)O)O[C@H]1n1cnc2c(N)ncnc21,A,A2M,A,5,,23,1.614
3b91,3b91.pdb,Nc1ncc2ncn([C@@H]3O[C@H](COP(=O)(O)O)[C@@H](O)[C@H]3O)c2n1,C,MTU,C,38,,22,1.595
3bbi,3bbi.pdb,CO[C@@H]1[C@H](O)[C@@H](COP(=O)(O)O)O[C@H]1n1cnc2c(N)ncnc21,A,A2M,A,5,,23,1.613
3bbk,3bbk.pdb,O=P(O)(O)OCCOCCOCCO,B,S9L,B,14,,13,1.601
3bbm,3bbm.pdb,CO[C@@H]1[C@H](O)[C@@H](COP(=O)(O)O)O[C@H]1n1cnc2c(N)ncnc21,A,A2M,A,5,,23,1.603
3bnl,3bnl.pdb,[NH3]->[Co@OH25+3](<-[NH3])(<-[NH3])(<-[NH3])(<-[NH3])<-[NH3],B,NCO,A,23,,7,2.547
3bnq,3bnq.pdb,NC[C@@H]1O[C@H](O[C@H]2[C@@H](O)[C@H](O[C@@H]3[C@@H](O)[C@H](N)C[C@H](N)[C@H]3O[C@H]3O[C@H](CO)[C@@H](O)[C@H](O)[C@H]3N)O[C@@H]2CO)[C@H](N)[C@@H](O)[C@@H]1O,C,PAR,C,101,,42,2.612
3bnr,3bnr.pdb,NC[C@@H]1O[C@H](O[C@H]2[C@@H](O)[C@H](O[C@@H]3[C@@H](O)[C@H](N)C[C@H](N)[C@H]3O[C@H]3O[C@H](CO)[C@@H](O)[C@H](O)[C@H]3N)O[C@@H]2CO)[C@H](N)[C@@H](O)[C@@H]1O,C,PAR,C,24,,42,2.601
3bnt,3bnt.pdb,O=c1[nH]c(=O)n([C@@H]2O[C@H](COP(=O)(O)O)[C@@H](O)[C@H]2O)cc1Br,A,5BU,A,10,,21,1.606
3c44,3c44.pdb,NC[C@@H]1O[C@H](O[C@H]2[C@@H](O)[C@H](O[C@@H]3[C@@H](O)[C@H](N)C[C@H](N)[C@H]3O[C@H]3O[C@H](CO)[C@@H](O)[C@H](O)[C@H]3N)O[C@@H]2CO)[C@H](N)[C@@H](O)[C@@H]1O,B,PAR,A,24,,42,2.510
3cqs,3cqs.pdb,O=P(O)(O)OCCOCCOCCO,B,S9L,B,14,,13,1.594
3d0u,3d0u.pdb,N[C@@H](CCCC[NH3+])C(=O)O,A,LYS,A,205,,10,2.675
3d2g,3d2g.pdb,Cc1ncc(C[n+]2csc(CCO[P@](=O)(O)OP(=O)(O)O)c2C)c(N)n1,A,TPP,A,83,,26,2.846
3d2v,3d2v.pdb,Cc1ncc(C[n+]2cccc(CCO[P@](=O)(O)OP(=O)(O)O)c2C)c(N)n1,A,PYI,A,84,,27,2.718
3d2x,3d2x.pdb,Cc1ncc(C[n+]2csc(CCO[P@@](=O)(O)OP(=O)(O)O)c2C)c(O)n1,A,D2X,A,85,,26,2.624
3dig,3dig.pdb,Nc1ccn([C@@H]2O[C@H](COP(=O)(O)O)[C@H]3O[P@](=O)(O)O[C@H]32)c(=O)n1,X,CCC,X,174,,23,1.603
3dil,3dil.pdb,Nc1ccn([C@@H]2O[C@H](COP(=O)(O)O)[C@H]3O[P@](=O)(O)O[C@H]32)c(=O)n1,A,CCC,A,174,,23,1.602
3dim,3dim.pdb,Nc1ccn([C@@H]2O[C@H](COP(=O)(O)O)[C@H]3O[P@](=O)(O)O[C@H]32)c(=O)n1,A,CCC,A,174,,23,1.607
3dio,3dio.pdb,Nc1ccn([C@@H]2O[C@H](COP(=O)(O)O)[C@H]3O[P@](=O)(O)O[C@H]32)c(=O)n1,X,CCC,X,174,,23,1.605
3diq,3diq.pdb,Nc1ccn([C@@H]2O[C@H](COP(=O)(O)O)[C@H]3O[P@](=O)(O)O[C@H]32)c(=O)n1,A,CCC,A,174,,23,1.611
3dir,3dir.pdb,Nc1nc2c(ncn2[C@@H]2O[C@H](CO[P@](=O)(O)O[P@](=O)(O)OP(=O)(O)O)[C@@H](O)[C@H]2O)c(=O)[nH]1,A,GTP,A,1,,32,1.607
3dix,3dix.pdb,Nc1ccn([C@@H]2O[C@H](COP(=O)(O)O)[C@H]3O[P@](=O)(O)O[C@H]32)c(=O)n1,A,CCC,A,174,,23,1.601
3diy,3diy.pdb,Nc1nc2c(ncn2[C@@H]2O[C@H](CO[P@](=O)(O)OP(=O)(O)O)[C@@H](O)[C@H]2O)c(=O)[nH]1,A,GDP,A,1,,28,1.598
3diz,3diz.pdb,Nc1ccn([C@@H]2O[C@H](COP(=O)(O)O)[C@H]3O[P@](=O)(O)O[C@H]32)c(=O)n1,A,CCC,A,174,,23,1.600
3dj0,3dj0.pdb,Nc1ccn([C@@H]2O[C@H](COP(=O)(O)O)[C@H]3O[P@](=O)(O)O[C@H]32)c(=O)n1,A,CCC,A,174,,23,1.602
3dj2,3dj2.pdb,Nc1ccn([C@@H]2O[C@H](COP(=O)(O)O)[C@H]3O[P@](=O)(O)O[C@H]32)c(=O)n1,A,CCC,A,174,,23,1.603
3ds7,3ds7.pdb,Nc1nc(=O)c2ncn([C@H]3C[C@H](O)[C@@H](CO)O3)c2[nH]1,A,GNG,A,120,,19,2.622
3dvv,3dvv.pdb,NC[C@H]1O[C@H](O[C@H]2[C@H](O[C@@H]3O[C@H](CO)[C@@H](O)[C@H]3O)[C@@H](O)[C@H](N)C[C@@H]2N)[C@H](N)[C@@H](O)[C@@H]1O,A,RIO,A,27,,31,2.638
3e5c,3e5c.pdb,Nc1nc2c(ncn2[C@@H]2O[C@H](CO[P@](=O)(O)O[P@](=O)(O)OP(=O)(O)O)[C@@H](O)[C@H]2O)c(=O)[nH]1,A,GTP,A,1,,32,1.700
3e5e,3e5e.pdb,Nc1nc2c(ncn2[C@@H]2O[C@H](CO[P@](=O)(O)O[P@](=O)(O)OP(=O)(O)O)[C@@H](O)[C@H]2O)c(=O)[nH]1,A,GTP,A,1,,32,1.703
3e5f,3e5f.pdb,Nc1nc2c(ncn2[C@@H]2O[C@H](CO[P@](=O)(O)O[P@](=O)(O)OP(=O)(O)O)[C@@H](O)[C@H]2O)c(=O)[nH]1,A,GTP,A,1,,32,1.691
3f2q,3f2q.pdb,Nc1nc2c(ncn2[C@@H]2O[C@H](CO[P@](=O)(O)O[P@](=O)(O)OP(=O)(O)O)[C@@H](O)[C@H]2O)c(=O)[nH]1,X,GTP,X,1,,32,1.593
3f2t,3f2t.pdb,Nc1nc2c(ncn2[C@@H]2O[C@H](CO[P@](=O)(O)O[P@](=O)(O)OP(=O)(O)O)[C@@H](O)[C@H]2O)c(=O)[nH]1,X,GTP,X,1,,32,1.590
3f2w,3f2w.pdb,Nc1nc2c(ncn2[C@@H]2O[C@H](CO[P@](=O)(O)O[P@](=O)(O)OP(=O)(O)O)[C@@H](O)[C@H]2O)c(=O)[nH]1,X,GTP,X,1,,32,1.597
3f2x,3f2x.pdb,Nc1nc2c(ncn2[C@@H]2O[C@H](CO[P@](=O)(O)O[P@](=O)(O)OP(=O)(O)O)[C@@H](O)[C@H]2O)c(=O)[nH]1,X,GTP,X,1,,32,1.593
3f2y,3f2y.pdb,Nc1nc2c(ncn2[C@@H]2O[C@H](CO[P@](=O)(O)O[P@](=O)(O)OP(=O)(O)O)[C@@H](O)[C@H]2O)c(=O)[nH]1,X,GTP,X,1,,32,1.598
3f30,3f30.pdb,Nc1nc2c(ncn2[C@@H]2O[C@H](CO[P@](=O)(O)O[P@](=O)(O)OP(=O)(O)O)[C@@H](O)[C@H]2O)c(=O)[nH]1,X,GTP,X,1,,32,1.594
3f4e,3f4e.pdb,Cc1cc2nc3c(=O)[nH]c(=O)nc-3n(C[C@H](O)[C@H](O)[C@H](O)COP(=O)(O)O)c2cc1C,X,FMN,Y,200,,31,2.605
3f4g,3f4g.pdb,Cc1cc2nc3c(=O)[nH]c(=O)nc-3n(C[C@H](O)[C@H](O)[C@H](O)CO)c2cc1C,Y,RBF,Y,200,,27,2.867
3f4h,3f4h.pdb,Cc1cc2nc3c(=O)[nH]c(=O)nc-3n(C[C@H](O)[C@H](O)[C@H](O)CO)c2cc1N(C)C,X,RS3,Y,200,,29,2.608
3fo4,3fo4.pdb,Nc1nc(Cl)c2nc[nH]c2n1,A,6GU,A,91,,11,2.804
3fo6,3fo6.pdb,COc1nc(N)nc2nc[nH]c12,A,6GO,A,91,,12,2.722
3fu2,3fu2.pdb,NCc1c[nH]c2nc(N)[nH]c(=O)c12,A,PRF,A,101,,13,2.617
3g4m,3g4m.pdb,Nc1ncc2nc[nH]c2n1,A,2BP,A,91,,10,2.676
3gao,3gao.pdb,O=c1[nH]c(=O)c2nc[nH]c2[nH]1,A,XAN,A,90,,11,2.672
3gca,3gca.pdb,N#Cc1c[nH]c2nc(N)[nH]c(=O)c12,A,PQ0,A,34,,13,2.486
3ger,3ger.pdb,Nc1nc(Cl)c2nc[nH]c2n1,A,6GU,A,91,,11,2.800
3ges,3ges.pdb,COc1nc(N)nc2nc[nH]c12,A,6GO,A,91,,12,2.758
3gog,3gog.pdb,Nc1nc(Cl)c2nc[nH]c2n1,A,6GU,A,91,,11,2.820
3got,3got.pdb,Nc1nc(F)nc2nc[nH]c12,A,A2F,A,91,,11,2.784
3gs1,3gs1.pdb,O=P(O)(O)OCCOCCOCCO,C,S9L,C,14,,13,1.608
3gs5,3gs5.pdb,O=P(O)(O)OCCOCCOCCO,A,S9L,A,26,,13,1.597
3gs8,3gs8.pdb,O=P(O)(O)OCCOCCOCCO,B,S9L,B,14,,13,1.606
3gx2,3gx2.pdb,Nc1ncnc2c1ncn2[C@@H]1O[C@H](C[C@@H](N)CC[C@H](N)C(=O)O)[C@@H](O)[C@H]1O,A,SFG,A,301,,27,2.550
3gx3,3gx3.pdb,Nc1ncnc2c1ncn2[C@@H]1O[C@H](CSCC[C@H](N)C(=O)O)[C@@H](O)[C@H]1O,A,SAH,A,301,,26,2.475
3gx5,3gx5.pdb,C[S@@+](CC[C@H](N)C(=O)[O-])C[C@H]1O[C@@H](n2cnc3c(N)ncnc32)[C@H](O)[C@@H]1O,A,SAM,A,301,,27,2.500
3gx6,3gx6.pdb,C[S@@+](CC[C@H](N)C(=O)[O-])C[C@H]1O[C@@H](n2cnc3c(N)ncnc32)[C@H](O)[C@@H]1O,A,SAM,A,301,,27,2.847
3gx7,3gx7.pdb,C[S@@+](CC[C@H](N)C(=O)[O-])C[C@H]1O[C@@H](n2cnc3c(N)ncnc32)[C@H](O)[C@@H]1O,A,SAM,A,301,,27,2.441
3i2q,3i2q.pdb,CO[C@@H]1[C@H](O)[C@@H](COP(=O)(O)O)O[C@H]1n1cnc2c(N)ncnc21,A,A2M,A,-1,,23,1.598
3i2r,3i2r.pdb,Nc1ccnc2c1ncn2[C@@H]1O[C@H](COP(=O)(O)O)[C@@H](O)[C@H]1O,B,1DP,B,9,,22,1.602
3i2s,3i2s.pdb,CO[C@@H]1[C@H](O)[C@@H](COP(=O)(O)O)O[C@H]1n1cnc2c(N)ncnc21,A,A2M,A,-1,,23,1.601
3i2u,3i2u.pdb,Nc1ccnc2c1ncn2[C@@H]1O[C@H](COP(=O)(O)O)[C@@H](O)[C@H]1O,B,1DP,B,10,,22,1.599
3iqn,3iqn.pdb,C[S@@+](CC[C@H](N)C(=O)[O-])C[C@H]1O[C@@H](n2cnc3c(N)ncnc32)[C@H](O)[C@@H]1O,A,SAM,A,301,,27,2.200
3iqr,3iqr.pdb,C[S@@+](CC[C@H](N)C(=O)[O-])C[C@H]1O[C@@H](n2cnc3c(N)ncnc32)[C@H](O)[C@@H]1O,A,SAM,A,301,,27,2.001
3k1v,3k1v.pdb,NCc1c[nH]c2nc(N)[nH]c(=O)c12,A,PRF,A,301,,13,2.623
3mij,3mij.pdb,CCN(CC)CCC(=O)Nc1cccc(-c2cn(-c3ccc4cc5ccc(-n6cc(-c7cccc(NC(=O)CCN(CC)CC)c7)nn6)cc5nc4c3)nn2)c1,A,R14,A,30,,56,2.941
3npn,3npn.pdb,Nc1ncnc2c1ncn2[C@@H]1O[C@H](CSCC[C@H](N)C(=O)O)[C@@H](O)[C@H]1O,A,SAH,A,55,,26,2.801
3npq,3npq.pdb,Nc1ncnc2c1ncn2[C@@H]1O[C@H](CSCC[C@H](N)C(=O)O)[C@@H](O)[C@H]1O,A,SAH,A,55,,26,2.706
3owz,3owz.pdb,Nc1nc2c(ncn2[C@@H]2O[C@H](CO[P@](=O)(O)OP(=O)(O)O)[C@@H](O)[C@H]2O)c(=O)[nH]1,A,GDP,A,1,,28,1.605
3oxm,3oxm.pdb,Nc1nc2c(ncn2[C@@H]2O[C@H](CO[P@](=O)(O)OP(=O)(O)O)[C@@H](O)[C@H]2O)c(=O)[nH]1,A,GDP,A,1,,28,1.600
3p59,3p59.pdb,O=c1[nH]c(=O)n([C@@H]2O[C@H](COP(=O)(O)O)[C@@H](O)[C@H]2O)cc1Br,A,5BU,A,59,,21,1.597
3q3z,3q3z.pdb,Nc1nc2c(ncn2[C@@H]2O[C@@H]3CO[P@](=O)(O)O[C@H]4[C@@H](O)[C@H](n5cnc6c(=O)[nH]c(N)nc65)O[C@@H]4CO[P@](=O)(O)O[C@H]3[C@H]2O)c(=O)[nH]1,V,C2E,V,1,,46,2.684
3q50,3q50.pdb,NCc1c[nH]c2nc(N)[nH]c(=O)c12,A,PRF,A,34,,13,2.674
3rkf,3rkf.pdb,Nc1nc2[nH]cnc2c(=S)[nH]1,A,DX4,A,91,,11,2.637
3s4p,3s4p.pdb,NC[C@@H]1O[C@H](O[C@H]2[C@@H](OCCNCCc3ccccc3)[C@H](O[C@@H]3[C@@H](O)[C@H](N)C[C@H](N)[C@H]3O[C@H]3O[C@H](CO)[C@@H](O)[C@H](O)[C@H]3N)O[C@@H]2CO)[C@H](N)[C@@H](O)[C@@H]1O,B,JS6,A,50,,53,2.459
3sd3,3sd3.pdb,Nc1nc2c(c(=O)[nH]1)N(C=O)[C@@H](CNc1ccc(C(=O)N[C@@H](CCC(=O)O)C(=O)O)cc1)CN2,A,FFO,A,3631,,22,2.825
3ski,3ski.pdb,Nc1nc2c(ncn2[C@@H]2O[C@H](CO[P@](=O)(O)O[P@](=O)(O)OP(=O)(O)O)[C@@H](O)[C@H]2O)c(=O)[nH]1,A,GTP,A,22,,32,1.595
3skl,3skl.pdb,Nc1nc2c(ncn2[C@@H]2O[C@H](CO[P@](=O)(O)O[P@](=O)(O)OP(=O)(O)O)[C@@H](O)[C@H]2O)c(=O)[nH]1,A,GTP,A,22,,32,1.588
3skr,3skr.pdb,Nc1nc2c(ncn2[C@@H]2O[C@H](CO[P@](=O)(O)O[P@](=O)(O)OP(=O)(O)O)[C@@H](O)[C@H]2O)c(=O)[nH]1,A,GTP,A,23,,24,1.585
3skt,3skt.pdb,Nc1nc2c(ncn2[C@@H]2O[C@H](CO[P@](=O)(O)O[P@](=O)(O)OP(=O)(O)O)[C@@H](O)[C@H]2O)c(=O)[nH]1,A,GTP,A,23,,32,1.592
3skw,3skw.pdb,Nc1nc2c(ncn2[C@@H]2O[C@H](CO[P@](=O)(O)O[P@](=O)(O)OP(=O)(O)O)[C@@H](O)[C@H]2O)c(=O)[nH]1,A,GTP,A,23,,32,1.594
3skz,3skz.pdb,Nc1nc2c(ncn2[C@@H]2O[C@H](CO[P@](=O)(O)O[P@](=O)(O)OP(=O)(O)O)[C@@H](O)[C@H]2O)c(=O)[nH]1,A,GTP,A,22,,32,1.590
3slm,3slm.pdb,Nc1nc2c(ncn2[C@@H]2O[C@H](CO[P@](=O)(O)O[P@](=O)(O)OP(=O)(O)O)[C@@H](O)[C@H]2O)c(=O)[nH]1,A,GTP,A,22,,32,1.610
3slq,3slq.pdb,Nc1nc2c(ncn2[C@@H]2O[C@H](CO[P@](=O)(O)O[P@](=O)(O)OP(=O)(O)O)[C@@H](O)[C@H]2O)c(=O)[nH]1,A,GTP,A,22,,32,1.600
3suh,3suh.pdb,Nc1nc2c(c(=O)[nH]1)N(C=O)[C@@H](CNc1ccc(C(=O)N[C@@H](CCC(=O)O)C(=O)O)cc1)CN2,X,FFO,X,103,,34,2.617
3sux,3sux.pdb,Nc1ccn([C@@H]2O[C@H](COP(=O)(O)O)[C@H]3O[P@](=O)(O)O[C@H]32)c(=O)n1,X,CCC,X,101,,23,1.605
3td1,3td1.pdb,CN[C@@H]1[C@@H](O)[C@@H](O[C@@H]2[C@@H](O)[C@H](O[C@H]3O[C@H]([C@@H](C)O)[C@@H](O)[C@H](O)[C@H]3N)[C@@H](N)C[C@H]2N)OC[C@]1(C)O,A,GET,B,50,,34,2.564
3tzr,3tzr.pdb,CN(C)CCCn1c(N)nc2ccc3c(c21)C[C@H](CN(C)C)CO3,B,SS0,A,75,,24,2.562
3wru,3wru.pdb,NC[C@@H]1CC[C@@H](N)[C@@H](O[C@H]2[C@H](O[C@@H]3O[C@H](CO)[C@@H](O[C@H]4O[C@@H](CN)CC[C@H]4N)[C@H]3O)[C@@H](O)[C@H](NC(=O)[C@@H](O)[C@H](F)CN)C[C@@H]2N)O1,A,SJP,A,101,,46,2.850
486d,486d.pdb,COC(=O)N[C@@H](CCc1c(C)nc2n(C)c3c(ncn3[C@@H]3O[C@H](COP(=O)(O)O)[C@@H](O)[C@H]3O)c(=O)n12)C(=O)OC,A,YYG,A,37,,39,1.608
4aob,4aob.pdb,C[S@@+](CC[C@H](N)C(=O)[O-])C[C@H]1O[C@@H](n2cnc3c(N)ncnc32)[C@H](O)[C@@H]1O,A,SAM,A,1116,,27,2.575
4b5r,4b5r.pdb,C[S@@+](CC[C@H](N)C(=O)[O-])C[C@H]1O[C@@H](n2cnc3c(N)ncnc32)[C@H](O)[C@@H]1O,A,SAM,A,1095,,27,2.608
4e8k,4e8k.pdb,O=S(=O)(O)CCN1CCN(CCO)CC1,A,EPE,A,441,,15,3.277
4e8m,4e8m.pdb,O=S(=O)(O)CCN1CCN(CCO)CC1,A,EPE,A,445,,15,2.937
4e8n,4e8n.pdb,O=S(=O)(O)CCN1CCN(CCO)CC1,A,EPE,A,450,,15,2.161
4e8p,4e8p.pdb,O=S(=O)(O)CCN1CCN(CCO)CC1,A,EPE,A,447,,15,3.189
4e8q,4e8q.pdb,O=S(=O)(O)CCN1CCN(CCO)CC1,A,EPE,A,450,,15,2.269
4e8r,4e8r.pdb,O=S(=O)(O)CCN1CCN(CCO)CC1,A,EPE,A,459,,15,2.515
4e8t,4e8t.pdb,NCCCNCCCCNCCCN,A,SPM,A,440,,14,3.064
4e8v,4e8v.pdb,O=S(=O)(O)CCN1CCN(CCO)CC1,A,EPE,A,455,,15,2.176
4enb,4enb.pdb,Nc1nc2c(ncn2[C@@H]2O[C@H](CO[P@](=O)(O)O[P@](=O)(O)OP(=O)(O)O)[C@@H](O)[C@H]2O)c(=O)[nH]1,A,GTP,A,1,,32,1.601
4erl,4erl.pdb,N[C@@H](CCCC[NH3+])C(=O)O,A,LYS,A,201,,9,2.449
4f8u,4f8u.pdb,CN[C@@H]1[C@@H](O)[C@@H](O[C@@H]2[C@@H](O)[C@H](O[C@H]3OC(CN)=CC[C@H]3N)[C@@H](N)C[C@H]2N)OC[C@]1(C)O,B,SIS,A,101,,31,2.483
4f8v,4f8v.pdb,CN[C@@H]1[C@@H](O)[C@@H](O[C@@H]2[C@@H](O)[C@H](O[C@H]3OC(CN)=CC[C@H]3N)[C@@H](N)C[C@H]2N)OC[C@]1(C)O,B,SIS,A,101,,31,2.628
4faq,4faq.pdb,O=S(=O)(O)CCN1CCN(CCO)CC1,A,EPE,A,447,,15,3.382
4far,4far.pdb,NCCCNCCCCNCCCN,A,SPM,A,452,,14,2.632
4fau,4fau.pdb,NCCCNCCCCNCCCN,A,SPM,A,425,,14,2.861
4faw,4faw.pdb,NCCCNCCCCNCCCN,A,SPM,A,452,,14,2.850
4fax,4fax.pdb,O=S(=O)(O)CCN1CCN(CCO)CC1,A,EPE,A,431,,15,2.525
4fb0,4fb0.pdb,NCCCNCCCCNCCCN,A,SPM,A,445,,14,3.052
4fe5,4fe5.pdb,O=c1[nH]cnc2nc[nH]c12,B,HPA,B,101,,10,2.689
4fej,4fej.pdb,O=c1[nH]cnc2nc[nH]c12,B,HPA,B,101,,10,2.729
4fel,4fel.pdb,O=c1[nH]cnc2nc[nH]c12,B,HPA,B,101,,10,2.673
4fen,4fen.pdb,O=c1[nH]cnc2nc[nH]c12,B,HPA,B,101,,10,2.724
4feo,4feo.pdb,Nc1nc(N)c2nc[nH]c2n1,B,6AP,B,101,,11,2.727
4fep,4fep.pdb,Nc1nc(N)c2nc[nH]c2n1,B,6AP,B,101,,11,2.686
4frg,4frg.pdb,CC1=C2[N]3->[Co]456([OH])[N]7C(=C(C)C8=[N]->4C(=CC=3C(C=CC(N)=O)C2(C)CC(N)=O)C(C)(C)C8CCC(N)=O)C(C)(CCC(=O)NCC(C)OP(=O)(O)OC2C(CO)OC(n3c[n]->5c4cc(C)c(C)cc43)C2O)C(CC(N)=O)C7C2(C)[N]->6=C1C(CCC(N)=O)C2(C)CC(N)=O,B,I2A,B,101,,92,2.740
4frn,4frn.pdb,CC1=C2[N]3->[Co]456([OH])[N]7C(=C(C)C8=[N]->4C(=CC=3C(C=CC(N)=O)C2(C)CC(N)=O)C(C)(C)C8CCC(N)=O)C(C)(CCC(=O)NCC(C)OP(=O)(O)OC2C(CO)OC(n3c[n]->5c4cc(C)c(C)cc43)C2O)C(CC(N)=O)C7C2(C)[N]->6=C1C(CCC(N)=O)C2(C)CC(N)=O,A,I2A,A,201,,92,2.726
4g6p,4g6p.pdb,CO[C@@H]1[C@H](O)[C@@H](COP(=O)(O)O)O[C@H]1n1cnc2c(N)ncnc21,A,A2M,A,-1,,23,1.514
4g6s,4g6s.pdb,Nc1ncnc2c1ncn2[C@@H]1O[C@H](COP(=O)(O)O)C[C@H]1O,A,3DA,A,5,,21,1.600
4gma,4gma.pdb,CC1=C2[C@@H](CCC(N)=O)[C@](C)(CC(N)=O)[C@]3(C)[C@H]4[C@H](CC(N)=O)[C@@]5(C)CCC(=O)NC[C@@H](C)O[P@@](=O)(O)O[C@H]6[C@@H](O)[C@@H](n7c[n](->[Co@OH13]89([CH2][C@H]%10O[C@@H](n%11cnc%12c(N)ncnc%12%11)[C@H](O)[C@@H]%10O)([N]23)<-[N]2=C(C=C3[C@@H](CCC(N)=O)[C@](C)(CC(N)=O)C1=[N]->83)C(C)(C)[C@H](CCC(N)=O)C2=C(C)C5=[N]->94)c1cc(C)c(C)cc17)O[C@@H]6CO,Z,B1Z,Z,301,,109,2.695
4gpw,4gpw.pdb,CN[C@@H]1[C@@H](O)[C@@H](O[C@@H]2[C@@H](O)[C@H](O[C@H]3OC(CO)=CC[C@H]3N)[C@@H](N)C[C@H]2N)OC[C@]1(C)O,A,6HS,A,101,,31,2.667
4gpx,4gpx.pdb,CN[C@@H]1[C@@H](O)[C@@H](O[C@@H]2[C@@H](O)[C@H](O[C@H]3OC(CO)=CC[C@H]3N)[C@@H](N)C[C@H]2N)OC[C@]1(C)O,B,6HS,A,101,,31,2.718
4gpy,4gpy.pdb,CN[C@@H]1[C@@H](O)[C@@H](O[C@@H]2[C@@H](O)[C@H](O[C@H]3OC(CO)=CC[C@H]3N)[C@@H](N)C[C@H]2N)OC[C@]1(C)O,A,6HS,A,101,,31,2.499
4gxy,4gxy.pdb,CC1=C2[C@@H](CCC(N)=O)[C@](C)(CC(N)=O)[C@]3(C)[C@H]4[C@H](CC(N)=O)[C@@]5(C)CCC(=O)NC[C@@H](C)O[P@@](=O)(O)O[C@H]6[C@@H](O)[C@@H](n7c[n](->[Co@OH13]89([CH2][C@H]%10O[C@@H](n%11cnc%12c(N)ncnc%12%11)[C@H](O)[C@@H]%10O)([N]23)<-[N]2=C(C=C3[C@@H](CCC(N)=O)[C@](C)(CC(N)=O)C1=[N]->83)C(C)(C)[C@H](CCC(N)=O)C2=C(C)C5=[N]->94)c1cc(C)c(C)cc17)O[C@@H]6CO,A,B1Z,A,301,,109,2.699
4jf2,4jf2.pdb,Nc1nc2c(ncn2[C@@H]2O[C@H](CO[P@](=O)(O)O[P@](=O)(O)OP(=O)(O)O)[C@@H](O)[C@H]2O)c(=O)[nH]1,A,GTP,A,1,,32,1.600
4jiy,4jiy.pdb,C(=N\c1ccc(Cc2ccc(/N=C/c3ccccn3)cc2)cc1)/c1ccccn1,A,NPM,A,101,,29,4.169
4k31,4k31.pdb,CN[C@@H]1[C@@H](O[C@H]2O[C@H](CO)[C@@H](N)[C@H](O)[C@H]2O)O[C@H]2C[C@@H](N)[C@@H](O[C@H]3[C@H](O)[C@@H](O)[C@H](N)C[C@@H]3N)O[C@@H]2[C@@H]1O,C,AM2,B,101,,37,2.699
4k32,4k32.pdb,CN[C@@H]1[C@@H](O)[C@@H](O[C@@H]2[C@@H](O)[C@H](O[C@H]3O[C@H]([C@@H](C)O)[C@@H](O)[C@H](O)[C@H]3N)[C@@H](N)C[C@H]2N)OC[C@]1(C)O,A,GET,A,101,,34,2.569
4kqy,4kqy.pdb,C[S@@+](CC[C@H](N)C(=O)[O-])C[C@H]1O[C@@H](n2cnc3c(N)ncnc32)[C@H](O)[C@@H]1O,A,SAM,A,201,,27,2.706
4l81,4l81.pdb,C[S@@+](CC[C@H](N)C(=O)[O-])C[C@H]1O[C@@H](n2cnc3c(N)ncnc32)[C@H](O)[C@@H]1O,A,SAM,A,101,,27,2.600
4lvv,4lvv.pdb,Nc1nc2c(c(=O)[nH]1)N(C=O)[C@@H](CNc1ccc(C(=O)N[C@@H](CCC(=O)O)C(=O)O)cc1)CN2,A,FFO,A,102,,34,2.809
4lvw,4lvw.pdb,Nc1nc2c(c(=O)[nH]1)CC=N2,A,7DG,A,101,,11,2.650
4lvx,4lvx.pdb,C[C@H](O)[C@H](O)[C@H]1CNc2nc(N)[nH]c(=O)c2N1,A,H4B,A,101,,17,2.616
4lvy,4lvy.pdb,Nc1nc(=O)c2c(CCc3ccc(C(=O)N[C@@H](CCC(=O)O)C(=O)O)cc3)c[nH]c2[nH]1,A,LYA,A,101,,22,2.553
4lvz,4lvz.pdb,Nc1nc(N)c2nc[nH]c2n1,A,6AP,A,101,,11,2.797
4lx5,4lx5.pdb,Nc1nc(N)c2cncnc2n1,A,29G,A,501,,12,2.663
4lx6,4lx6.pdb,Nc1nc2ncncc2c(=O)[nH]1,A,29H,A,601,,12,2.625
4nfo,4nfo.pdb,NCCCNCCCCNCCCN,C,SPM,C,101,,14,2.316
4nya,4nya.pdb,Nc1nc2c(ncn2[C@@H]2O[C@H](CO[P@](=O)(O)O[P@](=O)(O)OP(=O)(O)O)[C@@H](O)[C@H]2O)c(=O)[nH]1,B,GTP,B,10,,32,1.584
4nyb,4nyb.pdb,Nc1ncnc2c1ncn2[C@@H]1O[C@H](COP(=O)(O)O)[C@H]2O[P@](=O)(O)O[C@H]21,A,A23,A,91,,25,1.601
4nyc,4nyc.pdb,Nc1ncnc2c1ncn2[C@@H]1O[C@H](COP(=O)(O)O)[C@H]2O[P@](=O)(O)O[C@H]21,A,A23,A,91,,25,1.589
4nyg,4nyg.pdb,Nc1ncnc2c1ncn2[C@@H]1O[C@H](COP(=O)(O)O)[C@H]2O[P@](=O)(O)O[C@H]21,A,A23,A,91,,25,1.598
4oqu,4oqu.pdb,C[S@@+](CC[C@H](N)C(=O)[O-])C[C@H]1O[C@@H](n2cnc3c(N)ncnc32)[C@H](O)[C@@H]1O,A,SAM,A,101,,27,2.653
4p20,4p20.pdb,NCC[C@H](O)C(=O)N[C@@H]1C[C@H](N)[C@@H](O[C@H]2O[C@H](CN)[C@@H](O)[C@H](O)[C@H]2O)[C@H](O)[C@H]1O[C@H]1O[C@H](CO)[C@@H](O)[C@H](N)[C@H]1O,A,AKN,A,101,,40,2.606
4p3s,4p3s.pdb,CN[C@@H]1[C@@H](O)[C@@H](O[C@@H]2[C@@H](O)[C@H](O[C@H]3O[C@H]([C@@H](C)O)[C@@H](O)[C@H](O)[C@H]3N)[C@@H](N)C[C@H]2N)OC[C@]1(C)O,B,GET,A,101,,34,2.566
4p5j,4p5j.pdb,Nc1ncnc2c1ncn2[C@@H]1O[C@H](COP(=O)(O)O)[C@H]2O[P@](=O)(O)O[C@H]21,A,A23,A,84,,25,1.592
4p9r,4p9r.pdb,[NH2][Ir+3]([NH2])([NH2])([NH2])([NH2])[NH2],A,IRI,A,601,,7,2.809
4pco,4pco.pdb,[NH3]->[Co@OH25+3](<-[NH3])(<-[NH3])(<-[NH3])(<-[NH3])<-[NH3],B,NCO,A,101,,7,2.902
4pdq,4pdq.pdb,NCC[C@H](O)C(=O)N[C@@H]1C[C@H](N)[C@@H](O[C@H]2O[C@H](CN)[C@H](F)[C@H](O)[C@H]2N)[C@H](O[C@@H]2O[C@H](CO)[C@@H](O[C@H]3O[C@@H](CN)[C@@H](O)[C@H](O)[C@H]3N)[C@H]2O)[C@H]1O,B,NMZ,B,101,,49,2.490
4qk8,4qk8.pdb,Nc1ncnc2c1ncn2[C@@H]1O[C@@H]2CO[P@@](=O)(O)O[C@H]3[C@@H](O)[C@H](n4cnc5c(N)ncnc54)O[C@@H]3CO[P@@](=O)(O)O[C@H]2[C@H]1O,A,2BA,A,201,,44,2.497
4qk9,4qk9.pdb,Nc1ncnc2c1ncn2[C@@H]1O[C@@H]2CO[P@@](=O)(O)O[C@H]3[C@@H](O)[C@H](n4cnc5c(N)ncnc54)O[C@@H]3CO[P@@](=O)(O)O[C@H]2[C@H]1O,A,2BA,A,201,,44,2.377
4qka,4qka.pdb,Nc1ncnc2c1ncn2[C@@H]1O[C@@H]2CO[P@@](=O)(O)O[C@H]3[C@@H](O)[C@H](n4cnc5c(N)ncnc54)O[C@@H]3CO[P@@](=O)(O)O[C@H]2[C@H]1O,A,2BA,A,201,,44,2.260
4qlm,4qlm.pdb,Nc1ncnc2c1ncn2[C@@H]1O[C@@H]2CO[P@@](=O)(O)O[C@H]3[C@@H](O)[C@H](n4cnc5c(N)ncnc54)O[C@@H]3CO[P@@](=O)(O)O[C@H]2[C@H]1O,A,2BA,A,203,,44,2.157
4qln,4qln.pdb,Nc1ncnc2c1ncn2[C@@H]1O[C@@H]2CO[P@@](=O)(O)O[C@H]3[C@@H](O)[C@H](n4cnc5c(N)ncnc54)O[C@@H]3CO[P@@](=O)(O)O[C@H]2[C@H]1O,A,2BA,A,201,,42,2.578
4rzd,4rzd.pdb,Nc1nc2c(ncn2[C@@H]2O[C@H](CO[P@](=O)(O)O[P@](=O)(O)OP(=O)(O)O)[C@@H](O)[C@H]2O)c(=O)[nH]1,A,GTP,A,1,,32,1.611
4ts0,4ts0.pdb,Nc1ccn([C@@H]2O[C@H](COP(=O)(O)O)[C@H]3O[P@](=O)(O)O[C@H]32)c(=O)n1,X,CCC,X,44,,23,1.588
4ts2,4ts2.pdb,Nc1ccn([C@@H]2O[C@H](COP(=O)(O)O)[C@H]3O[P@](=O)(O)O[C@H]32)c(=O)n1,Y,CCC,Y,101,,23,1.604
4u6k,4u6k.pdb,Cc1cn([C@@H]2O[C@@]3(COP(=O)(O)O)CN(C)O[C@@H]2[C@@H]3O)c(=O)[nH]c1=O,A,NTT,B,2,,24,2.818
4u6l,4u6l.pdb,Cc1cn([C@H]2C[C@H](O)[C@@H](COP(=O)(O)O)O2)c(=O)nc1N,A,5CM,B,9,,20,2.629
4wfl,4wfl.pdb,Nc1nc2c(ncn2[C@@H]2O[C@H](CO[P@](=O)(O)O[P@](=O)(O)OP(=O)(O)O)[C@@H](O)[C@H]2O)c(=O)[nH]1,A,GTP,A,3,,32,1.589
4wfm,4wfm.pdb,Nc1nc2c(ncn2[C@@H]2O[C@H](CO[P@](=O)(O)O[P@](=O)(O)OP(=O)(O)O)[C@@H](O)[C@H]2O)c(=O)[nH]1,A,GTP,A,3,,32,1.591
4xw7,4xw7.pdb,NC(=O)c1ncn([C@@H]2O[C@H](COP(=O)(O)O)[C@@H](O)[C@H]2O)c1N,A,AMZ,A,101,,22,2.782
4xwf,4xwf.pdb,NC(=O)c1ncn([C@@H]2O[C@H](COP(=O)(O)O)[C@@H](O)[C@H]2O)c1N,A,AMZ,A,101,,22,2.840
4y1i,4y1i.pdb,Nc1nc2c(ncn2[C@@H]2O[C@H](CO[P@](=O)(O)O[P@](=O)(O)OP(=O)(O)O)[C@@H](O)[C@H]2O)c(=O)[nH]1,A,GTP,A,201,,32,2.695
4y1j,4y1j.pdb,Nc1nc2c(ncn2[C@@H]2O[C@H](CO[P@](=O)(O)O[P@](=O)(O)OP(=O)(O)O)[C@@H](O)[C@H]2O)c(=O)[nH]1,A,GTP,A,201,,32,2.311
4y1m,4y1m.pdb,Nc1nc2c(ncn2[C@@H]2O[C@H](CO[P@](=O)(O)O[P@](=O)(O)OP(=O)(O)O)[C@@H](O)[C@H]2O)c(=O)[nH]1,B,GTP,B,212,,32,2.246
4y1n,4y1n.pdb,[NH2][Ir+3]([NH2])([NH2])([NH2])([NH2])[NH2],A,IRI,A,401,,7,2.208
4yaz,4yaz.pdb,Nc1nc2c(ncn2[C@@H]2O[C@@H]3CO[P@@](=O)(O)O[C@H]4[C@@H](O)[C@H](n5cnc6c(N)ncnc65)O[C@@H]4CO[P@@](=O)(O)O[C@H]3[C@H]2O)c(=O)[nH]1,R,4BW,R,106,,45,2.720
4yb0,4yb0.pdb,Nc1nc2c(ncn2[C@@H]2O[C@@H]3CO[P@](=O)(O)O[C@H]4[C@@H](O)[C@H](n5cnc6c(=O)[nH]c(N)nc65)O[C@@H]4CO[P@](=O)(O)O[C@H]3[C@H]2O)c(=O)[nH]1,R,C2E,R,102,,46,2.410
4zc7,4zc7.pdb,NC[C@@H]1O[C@H](O[C@H]2[C@@H](O)[C@H](O[C@@H]3[C@@H](O)[C@H](N)C[C@H](N)[C@H]3O[C@H]3O[C@H](CO)[C@@H](O)[C@H](O)[C@H]3N)O[C@@H]2CO)[C@H](N)[C@@H](O)[C@@H]1O,C,PAR,C,101,,42,2.392
4znp,4znp.pdb,NC(=O)c1ncn([C@@H]2O[C@H](COP(=O)(O)O)[C@@H](O)[C@H]2O)c1N,A,AMZ,A,101,,22,2.529
5bjo,5bjo.pdb,O=c1[nH]c(=O)n([C@@H]2O[C@H](COP(=O)(O)O)[C@@H](O)[C@H]2O)cc1I,E,IU,E,17,,21,1.618
5bjp,5bjp.pdb,CN1C(=O)/C(=C/c2cc(F)c(O)c(F)c2)N=C1/C=N/O,Y,747,Y,104,,20,2.900
5btp,5btp.pdb,NC(=O)c1ncn([C@@H]2O[C@H](COP(=O)(O)O)[C@@H](O)[C@H]2O)c1N,B,AMZ,B,108,,22,2.522
5c45,5c45.pdb,CNc1ncc(CN2CCC[C@H](c3nc(O)cc(-c4cccs4)n3)C2)cn1,X,51B,X,105,,27,2.739
5c7u,5c7u.pdb,O=c1[nH]cnc2nc[nH]c12,B,HPA,B,108,,10,2.211
5c7w,5c7w.pdb,Nc1nc(O)c([C@@H]2O[C@H](COP(=O)(O)O)[C@@H](O)[C@H]2O)cc1[N+](=O)[O-],C,50N,C,18,,23,1.598
5d5l,5d5l.pdb,Nc1nc2c(ncn2[C@@H]2O[C@H](CO[P@](=O)(O)O[P@](=O)(O)OP(=O)(O)O)[C@@H](O)[C@H]2O)c(=O)[nH]1,A,GTP,A,1,,32,1.607
5d8t,5d8t.pdb,C[C@H](OP(=O)(O)O)[C@H]1O[C@@H](n2ccc(=O)[nH]c2=O)[C@H](F)[C@@H]1O,A,U5M,A,5,,21,1.581
5dhb,5dhb.pdb,Nc1nc2c(ncn2[C@@H]2O[C@@]3(COP(=O)(O)O)CO[C@@H]2[C@@H]3O)c(=O)[nH]1,A,LCG,A,3,,24,1.650
5dhc,5dhc.pdb,Nc1nc2c(ncn2[C@@H]2O[C@@]3(COP(=O)(O)O)CO[C@@H]2[C@@H]3O)c(=O)[nH]1,A,LCG,A,4,,24,1.587
5fjc,5fjc.pdb,Nc1nc2c(ncn2[C@@H]2O[C@H](CO[P@](=O)(O)O[P@](=O)(O)OP(=O)(O)O)[C@@H](O)[C@H]2O)c(=O)[nH]1,A,GTP,A,1,,28,1.608
5fk1,5fk1.pdb,C[S@@+](CC[C@H](N)C(=O)[O-])C[C@H]1O[C@@H](n2cnc3c(N)ncnc32)[C@H](O)[C@@H]1O,A,SAM,A,1095,,27,2.628
5fk2,5fk2.pdb,C[S@@+](CC[C@H](N)C(=O)[O-])C[C@H]1O[C@@H](n2cnc3c(N)ncnc32)[C@H](O)[C@@H]1O,A,SAM,A,1095,,27,2.720
5fk3,5fk3.pdb,C[S@@+](CC[C@H](N)C(=O)[O-])C[C@H]1O[C@@H](n2cnc3c(N)ncnc32)[C@H](O)[C@@H]1O,A,SAM,A,1095,,27,2.623
5fk4,5fk4.pdb,C[S@@+](CC[C@H](N)C(=O)[O-])C[C@H]1O[C@@H](n2cnc3c(N)ncnc32)[C@H](O)[C@@H]1O,A,SAM,A,1094,,26,2.584
5fk5,5fk5.pdb,C[S@@+](CC[C@H](N)C(=O)[O-])C[C@H]1O[C@@H](n2cnc3c(N)ncnc32)[C@H](O)[C@@H]1O,A,SAM,A,1095,,27,2.375
5fk6,5fk6.pdb,C[S@@+](CC[C@H](N)C(=O)[O-])C[C@H]1O[C@@H](n2cnc3c(N)ncnc32)[C@H](O)[C@@H]1O,A,SAM,A,1095,,27,2.585
5fkd,5fkd.pdb,C[S@@+](CC[C@H](N)C(=O)[O-])C[C@H]1O[C@@H](n2cnc3c(N)ncnc32)[C@H](O)[C@@H]1O,A,SAM,A,1095,,27,2.659
5fke,5fke.pdb,C[S@@+](CC[C@H](N)C(=O)[O-])C[C@H]1O[C@@H](n2cnc3c(N)ncnc32)[C@H](O)[C@@H]1O,A,SAM,A,1095,,27,2.617
5fkf,5fkf.pdb,C[S@@+](CC[C@H](N)C(=O)[O-])C[C@H]1O[C@@H](n2cnc3c(N)ncnc32)[C@H](O)[C@@H]1O,A,SAM,A,1095,,27,2.384
5fkg,5fkg.pdb,C[S@@+](CC[C@H](N)C(=O)[O-])C[C@H]1O[C@@H](n2cnc3c(N)ncnc32)[C@H](O)[C@@H]1O,A,SAM,A,1095,,27,2.389
5fkh,5fkh.pdb,C[S@@+](CC[C@H](N)C(=O)[O-])C[C@H]1O[C@@H](n2cnc3c(N)ncnc32)[C@H](O)[C@@H]1O,A,SAM,A,1095,,27,2.571
5hbw,5hbw.pdb,Cc1n[nH]cc1[P@@](=O)(O)OC[C@H]1O[C@@H](n2cnc3c(=O)[nH]c(N)nc32)[C@H](O)[C@@H]1O,B,PZG,A,101,,29,3.139
5hbx,5hbx.pdb,Cc1n[nH]cc1[P@@](=O)(O)OC[C@H]1O[C@@H](n2cnc3c(=O)[nH]c(N)nc32)[C@H](O)[C@@H]1O,B,PZG,A,101,,29,2.809
5hby,5hby.pdb,Nc1nc2c(ncn2[C@@H]2O[C@@]3(COP(=O)(O)O)CO[C@@H]2[C@@H]3O)c(=O)[nH]1,A,LCG,A,4,,24,1.623
5kpy,5kpy.pdb,N[C@@H](Cc1c[nH]c2ccc(O)cc12)C(=O)O,A,4PQ,A,101,,16,2.365
5krg,5krg.pdb,Cc1n[nH]cc1[P@@](=O)(O)OC[C@H]1O[C@@H](n2cnc3c(=O)[nH]c(N)nc32)[C@H](O)[C@@H]1O,D,PZG,A,101,,29,3.210
5ktj,5ktj.pdb,Nc1ncnc2c1ncn2[C@@H]1O[C@H](CO[P@@](=O)(O)O[P@](=O)(O)OP(=O)(O)O)[C@@H](O)[C@H]1O,A,ATP,A,1,,31,1.602
5kvj,5kvj.pdb,NC(=[NH2+])NCCC[C@H](N)C(=O)O,A,ARG,A,101,,12,3.622
5kx9,5kx9.pdb,COc1ncc(CN2CCC[C@H](c3nc(O)cc(-c4cccs4)n3)C2)cn1,X,6YG,X,108,,27,2.768
5l00,5l00.pdb,Nc1nc2c(ncn2[C@@H]2O[C@@]3(COP(=O)(O)O)CO[C@@H]2[C@@H]3O)c(=O)[nH]1,A,LCG,A,4,,24,1.683
5lwj,5lwj.pdb,Nc1nc2c(ncn2[C@@H]2O[C@H](CO[P@](=O)(O)O[P@](=O)(O)OP(=O)(O)O)[C@@H](O)[C@H]2O)c(=O)[nH]1,A,GTP,A,101,,32,2.967
5lys,5lys.pdb,Nc1ccn([C@@H]2O[C@H](COP(=O)(O)O)[C@H]3O[P@](=O)(O)O[C@H]32)c(=O)n1,A,CCC,A,87,,23,1.659
5lyv,5lyv.pdb,Nc1ccn([C@@H]2O[C@H](COP(=O)(O)O)[C@H]3O[P@](=O)(O)O[C@H]32)c(=O)n1,A,CCC,A,101,,23,1.655
5ob3,5ob3.pdb,Cc1nc(Cc2cc(F)c(O)c(F)c2)c(O)n1C,A,1TU,A,101,,18,2.505
5t83,5t83.pdb,[NH3+]CCC[NH2+]CCCC[NH2+]CCC[NH3+],A,SPK,A,110,,14,3.065
5ued,5ued.pdb,Nc1nc2c(ncn2[C@@H]2O[C@H](CO[P@](=O)(O)O[P@](=O)(O)OC[C@H]3O[C@@H](n4cnc5c(=O)[nH]c(N)nc54)[C@H](O)[C@@H]3O)[C@@H](O)[C@H]2O)c(=O)[nH]1,B,86S,A,101,,47,3.169
5uee,5uee.pdb,Nc1nc2c(ncn2[C@@H]2O[C@H](CO[P@@](=O)(O)OP(=O)(O)O[P@](=O)(O)OC[C@H]3O[C@@H](n4cnc5c(=O)[nH]c(N)nc54)[C@H](O)[C@@H]3O)[C@@H](O)[C@H]2O)c(=O)[nH]1,B,GP3,A,101,,51,3.021
5ueg,5ueg.pdb,Nc1nc2c(ncn2[C@@H]2O[C@H](CO[P@](=O)(O)O[P@](=O)(O)O[P@@](=O)(O)O[P@](=O)(O)OC[C@H]3O[C@@H](n4cnc5c(=O)[nH]c(N)nc54)[C@H](O)[C@@H]3O)[C@@H](O)[C@H]2O)c(=O)[nH]1,B,86P,A,101,,55,3.275
5ux3,5ux3.pdb,Cc1nc[nH]c1[P@](=O)(O)OC[C@H]1O[C@@H](n2cnc3c(=O)[nH]c(N)nc32)[C@H](O)[C@@H]1O,B,8OS,B,1,,29,1.681
5v0h,5v0h.pdb,Cc1nc[nH]c1[P@](=O)(O)OC[C@H]1O[C@@H](n2cnc3c(=O)[nH]c(N)nc32)[C@H](O)[C@@H]1O,A,8OS,A,101,,29,2.526
5v0j,5v0j.pdb,Cc1nc[nH]c1[P@](=O)(O)OC[C@H]1O[C@@H](n2cnc3c(=O)[nH]c(N)nc32)[C@H](O)[C@@H]1O,B,8OS,A,101,,29,2.971
5v0k,5v0k.pdb,Nc1nc2c(ncn2[C@@H]2O[C@@]3(COP(=O)(O)O)CO[C@@H]2[C@@H]3O)c(=O)[nH]1,A,LCG,A,4,,24,1.563
5v0o,5v0o.pdb,Cc1nc[nH]c1[P@](=O)(O)OC[C@H]1O[C@@H](n2cnc3c(=O)[nH]c(N)nc32)[C@H](O)[C@@H]1O,A,8OS,A,101,,29,2.606
5v1l,5v1l.pdb,Cc1cn(C[C@H](O)COP(=O)(O)O)c(=O)[nH]c1=O,A,ZTH,A,108,,17,1.510
5v2h,5v2h.pdb,Nc1nc(=O)n([C@@H]2O[C@H](COP(=O)(O)O)[C@@H](O)[C@H]2O)cc1Br,A,CBV,A,1,,18,1.612
5v3f,5v3f.pdb,C[n+]1ccc(C[C@@H]2Sc3ccccc3N2CC(=O)NCCOCCOCCOCCNC(=O)CCCC[C@@H]2SC[C@@H]3NC(=O)N[C@@H]32)c2ccccc21,A,74G,A,104,,52,2.963
5v9z,5v9z.pdb,Cc1nc[nH]c1[P@](=O)(O)OC[C@H]1O[C@@H](n2cnc3c(=O)[nH]c(N)nc32)[C@H](O)[C@@H]1O,B,8OS,A,101,,29,2.453
5vcf,5vcf.pdb,Cc1nc[nH]c1[P@](=O)(O)OC[C@H]1O[C@@H](n2cnc3c(=O)[nH]c(N)nc32)[C@H](O)[C@@H]1O,A,8OS,A,101,,29,2.722
5vci,5vci.pdb,Cc1nc[nH]c1[P@](=O)(O)OC[C@H]1O[C@@H](n2cnc3c(=O)[nH]c(N)nc32)[C@H](O)[C@@H]1O,A,8OS,A,101,,29,2.819
5vj9,5vj9.pdb,NCCCNCCCCNCCCN,A,SPM,A,102,,14,2.618
5vjb,5vjb.pdb,O=c1[nH]c(=O)n([C@@H]2O[C@H](COP(=O)(O)O)[C@@H](O)[C@H]2O)cc1Br,A,5BU,A,14,,21,1.590
5xi1,5xi1.pdb,O=c1c(O)c(-c2cc(O)c(O)c(O)c2)oc2cc(O)cc(O)c12,A,MYC,S,101,,23,2.811
5xz1,5xz1.pdb,CN[C@@H]1[C@@H](O)[C@@H](O[C@@H]2[C@@H](O)[C@H](O[C@H]3O[C@H]([C@@H](C)O)[C@@H](O)[C@H](O)[C@H]3N)[C@@H](N)C[C@H]2N)OC[C@]1(C)O,A,GET,A,101,,34,2.606
5z1h,5z1h.pdb,CN[C@@H]1[C@@H](O)[C@@H](O[C@@H]2[C@@H](O)[C@H](O[C@H]3OC(CF)=CC[C@H]3N)[C@@H](N)C[C@H]2N)OC[C@]1(C)O,B,FSJ,A,301,,31,2.494
5z1i,5z1i.pdb,CN[C@@H]1[C@@H](O)[C@@H](O[C@@H]2[C@@H](O)[C@H](O[C@H]3OC(CF)=CC[C@H]3N)[C@@H](N)C[C@H]2N)OC[C@]1(C)O,A,FSJ,A,301,,31,2.638
5z71,5z71.pdb,CN[C@@H]1[C@@H](O)[C@@H](O[C@@H]2[C@@H](O)[C@H](O[C@H]3O[C@H]([C@@H](C)O)[C@@H](O)[C@H](O)[C@H]3N)[C@@H](N)C[C@H]2N)OC[C@]1(C)O,A,GET,B,201,,34,2.511
5zei,5zei.pdb,CN[C@@H]1[C@@H](O)[C@@H](O[C@@H]2[C@@H](O)[C@H](O[C@H]3O[C@H]([C@@H](C)O)[C@@H](O)[C@H](O)[C@H]3N)[C@@H](N)C[C@H]2N)OC[C@]1(C)O,A,GET,A,101,,34,2.450
5zej,5zej.pdb,NC[C@@H]1O[C@H](O[C@H]2[C@@H](O)[C@H](O[C@@H]3[C@@H](O)[C@H](N)C[C@H](N)[C@H]3O[C@H]3O[C@H](CO)[C@@H](O)[C@H](O)[C@H]3N)O[C@@H]2CO)[C@H](N)[C@@H](O)[C@@H]1O,A,PAR,B,101,,42,2.534
6az4,6az4.pdb,Nc1nc2c(ncn2[C@@H]2O[C@H](CO[P@@](=O)(O)OP(=O)(O)O[P@](=O)(O)OC[C@H]3O[C@@H](n4cnc5c(=O)[nH]c(N)nc54)[C@H](O)[C@@H]3O)[C@@H](O)[C@H]2O)c(=O)[nH]1,A,GP3,A,101,,51,2.788
6bfb,6bfb.pdb,CN1Cc2csc3c(C(=O)O)c(=O)c4cc(F)c(N5C[C@H](O)[C@@H](N(C)C)C5)c1c4n23,X,DKM,X,500,,30,3.044
6c27,6c27.pdb,Nc1nc2c(ncn2[C@@H]2O[C@H](CO[P@](=O)(O)O[P@](=O)(O)OP(=O)(O)O)[C@@H](O)[C@H]2O)c(=O)[nH]1,A,GTP,A,1,,32,1.590
6c63,6c63.pdb,COCCNC(=O)C[n+]1c(Cc2cc[n+](C)c3ccccc23)sc2ccccc21,A,EKJ,A,101,,29,2.992
6c64,6c64.pdb,C[n+]1ccc(/C=C/Cc2sc3ccccc3[n+]2C)c2ccccc21,A,EKM,A,101,,24,2.883
6c65,6c65.pdb,COCCNC(=O)C[n+]1c(Cc2cc[n+](C)c3ccccc23)sc2ccccc21,A,EKJ,A,101,,29,2.958
6c8d,6c8d.pdb,Nc1nc2c(ncn2[C@@H]2O[C@@]3(COP(=O)(O)O)CO[C@@H]2[C@@H]3O)c(=O)[nH]1,A,LCG,A,4,,24,1.661
6c8e,6c8e.pdb,Nc1nc2c(ncn2[C@@H]2O[C@H](CO[P@](=O)(O)n3cc[n+]([P@](=O)(O)OC[C@H]4O[C@@H](n5cnc6c(=O)[nH]c(N)nc65)[C@H](O)[C@@H]4O)c3N)[C@@H](O)[C@H]2O)c(=O)[nH]1,B,EQ1,A,101,,52,3.098
6c8i,6c8i.pdb,Nc1nc2c(ncn2[C@@H]2O[C@H](CO[P@](=O)(O)n3ccnc3N)[C@@H](O)[C@H]2O)c(=O)[nH]1,B,EQ4,A,102,,29,3.177
6c8j,6c8j.pdb,Nc1nc2c(ncn2[C@@H]2O[C@H](CO[P@](=O)(O)n3ccnc3N)[C@@H](O)[C@H]2O)c(=O)[nH]1,A,EQ4,A,101,,29,3.183
6c8k,6c8k.pdb,Nc1nc2c(ncn2[C@@H]2O[C@H](CO[P@](=O)(O)n3cc[n+]([P@](=O)(O)OC[C@H]4O[C@@H](n5cnc6c(=O)[nH]c(N)nc65)[C@H](O)[C@@H]4O)c3N)[C@@H](O)[C@H]2O)c(=O)[nH]1,B,EQ1,A,101,,52,3.077
6c8l,6c8l.pdb,Nc1nc2c(ncn2[C@@H]2O[C@H](CO[P@](=O)(O)n3cc[n+]([P@](=O)(O)OC[C@H]4O[C@@H](n5cnc6c(=O)[nH]c(N)nc65)[C@H](O)[C@@H]4O)c3N)[C@@H](O)[C@H]2O)c(=O)[nH]1,B,EQ1,A,101,,52,3.089
6c8m,6c8m.pdb,Nc1nc2c(ncn2[C@@H]2O[C@H](CO[P@](=O)(O)n3cc[n+]([P@](=O)(O)OC[C@H]4O[C@@H](n5cnc6c(=O)[nH]c(N)nc65)[C@H](O)[C@@H]4O)c3N)[C@@H](O)[C@H]2O)c(=O)[nH]1,A,EQ1,A,102,,52,2.962
6c8n,6c8n.pdb,Nc1nc2c(ncn2[C@@H]2O[C@H](CO[P@](=O)(O)n3ccnc3N)[C@@H](O)[C@H]2O)c(=O)[nH]1,B,EQ4,A,101,,29,2.952
6c8o,6c8o.pdb,Nc1nc2c(ncn2[C@@H]2O[C@H](CO[P@](=O)(O)n3ccnc3N)[C@@H](O)[C@H]2O)c(=O)[nH]1,B,EQ4,A,101,,29,3.139
6cab,6cab.pdb,Nc1nc2c(ncn2[C@@H]2O[C@@]3(COP(=O)(O)O)CO[C@@H]2[C@@H]3O)c(=O)[nH]1,A,LCG,A,4,,24,1.640
6cb3,6cb3.pdb,Nc1nc2c(ncn2[C@@H]2O[C@H](CO[P@](=O)(O)O[P@](=O)(O)OP(=O)(O)O)[C@@H](O)[C@H]2O)c(=O)[nH]1,A,GTP,A,219,,32,2.121
6cc1,6cc1.pdb,Nc1nc2c(ncn2[C@@H]2O[C@H](CO[P@](=O)(O)O[P@](=O)(O)OP(=O)(O)O)[C@@H](O)[C@H]2O)c(=O)[nH]1,B,GTP,A,214,,32,2.740
6cc3,6cc3.pdb,Nc1nc2c(ncn2[C@@H]2O[C@H](CO[P@](=O)(O)O[P@](=O)(O)OP(=O)(O)O)[C@@H](O)[C@H]2O)c(=O)[nH]1,A,GTP,A,217,,32,1.566
6ck4,6ck4.pdb,Nc1nc2c(ncn2[C@@H]2O[C@H](CO[P@](=O)(O)OP(=O)(O)O)[C@@H](O[P@](=O)(O)OP(=O)(O)O)[C@H]2O)c(=O)[nH]1,A,G4P,A,214,,36,2.278
6ck5,6ck5.pdb,O=P(O)(O)OC[C@H]1O[C@H](O[P@@](=O)(O)OP(=O)(O)O)[C@H](O)[C@@H]1O,A,PRP,A,217,,22,2.266
6cxz,6cxz.pdb,C[C@]1(COP(=O)(O)O)O[C@@H](n2ccc(=O)[nH]c2=O)[C@H](F)[C@@H]1O,A,U4M,A,5,,21,1.603
6d3p,6d3p.pdb,[NH2][Ir+3]([NH2])([NH2])([NH2])([NH2])[NH2],A,IRI,A,101,,7,2.441
6dlq,6dlq.pdb,Nc1nc2c(ncn2[C@@H]2O[C@H](CO[P@](=O)(O)O[P@](=O)(O)OP(=O)(O)O)[C@@H](O)[C@H]2O)c(=O)[nH]1,A,GTP,A,1,,32,1.603
6dlr,6dlr.pdb,Nc1ccn([C@@H]2O[C@H](COP(=O)(O)O)[C@H]3O[P@](=O)(O)O[C@H]32)c(=O)n1,A,CCC,A,107,,23,1.609
6dls,6dls.pdb,Nc1nc2c(ncn2[C@@H]2O[C@H](CO[P@](=O)(O)O[P@](=O)(O)OP(=O)(O)O)[C@@H](O)[C@H]2O)c(=O)[nH]1,A,GTP,A,1,,32,1.606
6dlt,6dlt.pdb,Nc1nc2c(ncn2[C@@H]2O[C@H](CO[P@](=O)(O)O[P@](=O)(O)OP(=O)(O)O)[C@@H](O)[C@H]2O)c(=O)[nH]1,A,GTP,A,1,,32,1.598
6dmc,6dmc.pdb,Nc1nc2c(ncn2[C@@H]2O[C@H](CO[P@](=O)(O)OP(=O)(O)O)[C@@H](O[P@](=O)(O)OP(=O)(O)O)[C@H]2O)c(=O)[nH]1,A,G4P,A,201,,36,2.793
6dmd,6dmd.pdb,Nc1nc2c(ncn2[C@@H]2O[C@H](CO[P@](=O)(O)OP(=O)(O)O)[C@@H](O[P@](=O)(O)OP(=O)(O)O)[C@H]2O)c(=O)[nH]1,A,G4P,A,201,,36,2.672
6dme,6dme.pdb,Nc1nc2c(ncn2[C@@H]2O[C@H](CO[P@](=O)(O)OP(=O)(O)O)[C@@H](O[P@](=O)(O)OP(=O)(O)O)[C@H]2O)c(=O)[nH]1,A,G4P,A,201,,36,2.490
6dn1,6dn1.pdb,Cc1cc2nc3c(O)nc(O)nc3[n+](CCCCCCC(=O)O)c2cc1NC1CCCC1,X,GZ7,Z,201,,32,2.527
6dn2,6dn2.pdb,Cc1cc2nc3c(=O)[nH]c(=O)nc-3n(CCN(CCCC(=O)O)Cc3ccccc3)c2cc1C,X,GZG,Y,203,,34,2.759
6dn3,6dn3.pdb,Cc1cc2nc3c(=O)[nH]c(=O)[nH]c3[n+](CCCc3ccccc3)c2cc1C,Y,GZ4,Y,201,,27,2.929
6e1s,6e1s.pdb,NCCOc1ccc2oc3ccccc3c2c1,A,HLV,A,101,,17,3.185
6e1t,6e1t.pdb,NCCOc1ccc2oc3ccccc3c2c1,A,HLV,A,102,,17,3.172
6e1u,6e1u.pdb,CN(C)CCOc1ccc2oc3ccccc3c2c1,A,HMJ,A,101,,19,2.921
6e1v,6e1v.pdb,CN(C)CCOc1ccc2[nH]c3ccccc3c2c1,A,HMV,A,101,,19,2.965
6e1w,6e1w.pdb,NCc1c[nH]c2[nH]c(N)nc(=O)c12,A,HNG,A,101,,13,2.782
6e80,6e80.pdb,[NH2][Ir+3]([NH2])([NH2])([NH2])([NH2])[NH2],A,IRI,A,101,,7,2.878
6e81,6e81.pdb,Cc1ccc2c(c1)sc(-c1ccc(N(C)C)cc1)[n+]2C,A,TFX,A,101,,20,3.230
6e82,6e82.pdb,Cc1ccc2c(c1)sc(-c1ccc(N(C)C)cc1)[n+]2C,A,TFX,A,102,,20,3.227
6e84,6e84.pdb,CN1/C(=C/c2cc[n+](C)c3ccccc23)Sc2ccccc21,A,J0D,A,102,,22,3.089
6e8s,6e8s.pdb,COCCNC(=O)C[n+]1c(Cc2cc[n+](C)c3ccccc23)sc2ccccc21,A,EKJ,A,101,,29,2.974
6e8t,6e8t.pdb,CC(=O)C[n+]1c(Cc2cc[n+](C)c3ccccc23)sc2ccccc21,D,HZG,D,101,,25,1.379
6e8u,6e8u.pdb,C[n+]1ccc(Cc2sc3ccccc3[n+]2CC(=O)NCCOCCOCCOCCNC(=O)CCCC[C@H]2SC[C@H]3NC(=O)N[C@H]32)c2ccccc21,B,HZD,B,106,,52,2.789
6fz0,6fz0.pdb,C[S@@+](CC[C@H](N)C(=O)[O-])C[C@H]1O[C@@H](n2cnc3c(N)ncnc32)[C@H](O)[C@@H]1O,A,SAM,A,104,,27,2.744
6g7z,6g7z.pdb,O=S(=O)([O-])CC[NH+]1CCOCC1,B,MES,B,201,,12,2.914
6gyv,6gyv.pdb,O=S(=O)([O-])CC[NH+]1CCOCC1,A,MES,A,201,,12,3.109
6gzk,6gzk.pdb,CN(C)c1ccc2c(-c3ccc(C(=O)O)cc3C(=O)O)c3ccc(=[N+](C)C)cc-3oc2c1,A,FH8,A,101,,32,2.737
6gzr,6gzr.pdb,CN(C)c1ccc2c(-c3ccc(C(=O)O)cc3C(=O)O)c3ccc(=[N+](C)C)cc-3oc2c1,A,FH8,A,101,,32,2.740
6hag,6hag.pdb,Nc1ncnc2c1ncn2[C@@H]1O[C@H](CSCC[C@H](N)C(=O)O)[C@@H](O)[C@H]1O,A,SAH,A,101,,26,2.583
6hbt,6hbt.pdb,Nc1nc(=O)n([C@@H]2O[C@H](COP(=O)(O)O)[C@@H](O)[C@H]2O)cc1Br,A,CBV,A,17,,21,1.604
6hc5,6hc5.pdb,Nc1nc(=O)n([C@@H]2O[C@H](COP(=O)(O)O)[C@@H](O)[C@H]2O)cc1Br,A,CBV,A,17,,21,1.600
6hmo,6hmo.pdb,Cc1cn2cc(-c3cc(=O)n4cc(N5CCN(C)CC5)ccc4n3)cc(F)c2n1,B,GDZ,A,101,,29,2.973
6izp,6izp.pdb,Cc1ccc2ccc(NC(=O)OCCCNCCCOC(=O)Nc3ccc4ccc(C)nc4n3)nc2n1,A,B2R,A,101,,37,2.606
6jbf,6jbf.pdb,NC[C@H]1O[C@H](O[C@H]2[C@H](O)[C@@H](O)[C@H](N)C[C@@H]2N)[C@H](N)[C@@H](O)[C@H]1F,B,V71,B,100,,22,2.653
6jbg,6jbg.pdb,NC[C@H]1O[C@H](O[C@H]2[C@H](O)[C@@H](O)[C@H](N)C[C@@H]2N)[C@H](N)[C@@H](O)[C@@H]1F,B,S81,B,301,,22,2.694
6jjh,6jjh.pdb,C[n+]1ccc(-c2c3nc(c(-c4cc[n+](C)cc4)c4ccc([nH]4)c(-c4cc[n+](C)cc4)c4nc(c(-c5cc[n+](C)cc5)c5ccc2[nH]5)C=C4)C=C3)cc1,B,POH,B,101,,52,2.976
6jji,6jji.pdb,C[n+]1ccc(-c2c3nc(c(-c4cc[n+](C)cc4)c4ccc([nH]4)c(-c4cc[n+](C)cc4)c4nc(c(-c5cc[n+](C)cc5)c5ccc2[nH]5)C=C4)C=C3)cc1,B,POH,B,104,,52,3.040
6jq6,6jq6.pdb,[NH2][Ir+3]([NH2])([NH2])([NH2])([NH2])[NH2],U,IRI,U,101,,7,3.093
6n5k,6n5k.pdb,Nc1ncnc2c1ncn2[C@@H]1O[C@@H]2CO[P@@](=O)(O)O[C@H]3[C@@H](O)[C@H](n4cnc5c(N)ncnc54)O[C@@H]3CO[P@@](=O)(O)O[C@H]2[C@H]1O,A,2BA,A,201,,44,2.415
6n5n,6n5n.pdb,Nc1ncnc2c1ncn2[C@@H]1O[C@@H]2CO[P@@](=O)(O)O[C@H]3[C@@H](O)[C@H](n4cnc5c(N)ncnc54)O[C@@H]3CO[P@@](=O)(O)O[C@H]2[C@H]1O,A,2BA,A,201,,44,2.393
6n5o,6n5o.pdb,Nc1ncnc2c1ncn2[C@@H]1O[C@@H]2CO[P@@](=O)(O)O[C@H]3[C@@H](O)[C@H](n4cnc5c(N)ncnc54)O[C@@H]3CO[P@@](=O)(O)O[C@H]2[C@H]1O,A,2BA,A,201,,44,2.507
6n5p,6n5p.pdb,Nc1ncnc2c1ncn2[C@@H]1O[C@@H]2CO[P@@](=O)(O)O[C@H]3[C@@H](O)[C@H](n4cnc5c(N)ncnc54)O[C@@H]3CO[P@@](=O)(O)O[C@H]2[C@H]1O,A,2BA,A,201,,44,2.471
6n5q,6n5q.pdb,Nc1ncnc2c1ncn2[C@@H]1O[C@@H]2CO[P@@](=O)(O)O[C@H]3[C@@H](O)[C@H](n4cnc5c(N)ncnc54)O[C@@H]3CO[P@@](=O)(O)O[C@H]2[C@H]1O,A,2BA,A,201,,44,2.498
6n5s,6n5s.pdb,Nc1ncnc2c1ncn2[C@@H]1O[C@@H]2CO[P@@](=O)(O)O[C@H]3[C@@H](O)[C@H](n4cnc5c(N)ncnc54)O[C@@H]3CO[P@@](=O)(O)O[C@H]2[C@H]1O,A,2BA,A,202,,44,2.476
6n5t,6n5t.pdb,Nc1ncnc2c1ncn2[C@@H]1O[C@@H]2CO[P@@](=O)(O)O[C@H]3[C@@H](O)[C@H](n4cnc5c(N)ncnc54)O[C@@H]3CO[P@@](=O)(O)O[C@H]2[C@H]1O,A,2BA,A,201,,44,2.466
6od9,6od9.pdb,NC(=O)c1ncn([C@@H]2O[C@H](COP(=O)(O)O)[C@@H](O)[C@H]2O)c1N,A,AMZ,A,102,,22,2.701
6p2h,6p2h.pdb,Nc1nc2c(ncn2[C@@H]2O[C@H](CO[P@](=O)(O)O[P@](=O)(O)OP(=O)(O)O)[C@@H](O)[C@H]2O)c(=O)[nH]1,A,GTP,A,17,,32,1.559
6pq7,6pq7.pdb,,C,OXV,C,102,,43,2.759
6q57,6q57.pdb,Nc1nc2c(c(=O)[nH]1)CCCN2,A,T0A,A,101,,12,2.559
6qiq,6qiq.pdb,O=C1Nc2ccc3ccc(nc3n2)C[NH2+]Cc2ccc3ccc(nc3n2)NC(=O)OCC/C=C/CCO1,A,J48,A,101,,37,2.741
6qir,6qir.pdb,O=C1Nc2ccc3ccc(nc3n2)C[NH2+]Cc2ccc3ccc(nc3n2)NC(=O)OCC/C=C/CCO1,A,J48,A,101,,37,2.918
6qis,6qis.pdb,O=C1Nc2ccc3ccc(nc3n2)C[NH2+]Cc2ccc3ccc(nc3n2)NC(=O)OCC/C=C/CCO1,A,J48,A,101,,37,2.695
6qit,6qit.pdb,O=C1Nc2ccc3ccc(nc3n2)C[NH2+]Cc2ccc3ccc(nc3n2)NC(=O)OCC/C=C/CCO1,B,J48,A,101,,37,2.955
6qiv,6qiv.pdb,O=C1Nc2ccc3ccc(nc3n2)C[NH2+]Cc2ccc3ccc(nc3n2)NC(=O)OCCCNCCCO1,A,J4H,A,101,,38,2.807
6qn3,6qn3.pdb,NC(=O)CC[C@H](N)C(=O)O,B,GLN,A,105,,10,2.709
6svs,6svs.pdb,Nc1nc2c(ncn2[C@@H]2O[C@H](CO[P@](=O)(O)O[P@](=O)(O)OP(=O)(O)O)[C@@H](O)[C@H]2O)c(=O)[nH]1,A,GTP,A,106,,32,1.597
6t3k,6t3k.pdb,NCCCNCCCCNCCCN,A,SPM,A,449,,14,2.780
6t3n,6t3n.pdb,O=S(=O)(O)CCN1CCN(CCO)CC1,A,EPE,A,428,,15,2.582
6t3r,6t3r.pdb,NCCCNCCCCNCCCN,A,SPM,A,452,,14,2.751
6t3s,6t3s.pdb,O=S(=O)(O)CCN1CCN(CCO)CC1,A,EPE,A,430,,15,2.421
6tb7,6tb7.pdb,Nc1ncnc2c1ncn2[C@@H]1O[C@H](COP(=O)(O)O)[C@@H](O)[C@H]1O,A,AMP,A,101,,23,2.585
6tf0,6tf0.pdb,NC(=O)C1=CN([C@@H]2O[C@H](CO[P@](=O)(O)O[P@@](=O)(O)OC[C@H]3O[C@@H](n4cnc5c(N)ncnc54)[C@H](O)[C@@H]3O)[C@@H](O)[C@H]2O)C=CC1,A,NAI,A,111,,29,2.633
6tf1,6tf1.pdb,Nc1ncnc2c1ncn2[C@@H]1O[C@H](CO[P@](=O)(O)OP(=O)(O)O)[C@@H](O)[C@H]1O,A,ADP,A,109,,27,2.449
6tf2,6tf2.pdb,Nc1ncnc2c1ncn2[C@@H]1O[C@H](CO[P@@](=O)(O)O[P@](=O)(O)OP(=O)(O)O)[C@@H](O)[C@H]1O,A,ATP,A,109,,31,2.582
6tf3,6tf3.pdb,Nc1ncnc2c1ncn2[C@@H]1O[C@H](CO[P@](=O)(O)O[P@](=O)(O)OP(=O)(O)O)C[C@H]1O,A,3AT,A,109,,26,2.497
