dataset,n_rows,n_finite_pkd,pkd_min,pkd_median,pkd_max,pkd_mean,pkd_sd,has_raw_endpoint_column,has_raw_unit_column,has_assay_method_column,has_reference_column
All_sf_dataset_v1,1439,1439,-0.477121254719662,5.43062609038495,11.301029995664,5.389976470525045,1.3967566554407516,False,False,False,False
Aptamers_dataset_v1,520,520,-0.477121254719662,5.44369749923271,9.09691001300806,5.428678190762426,1.2359388094549217,False,False,False,False
miRNA_dataset_v1,146,146,2.13076828026902,5.088915960315995,8.86012091359876,5.257942901701001,1.170506042936569,False,False,False,False
Repeats_dataset_v1,97,97,3.52287874528034,6.07572071393812,7.88605664769316,6.06071725408298,1.0547507297801024,False,False,False,False
Ribosomal_dataset_v1,295,295,1.69464863055338,4.61978875828839,11.301029995664,4.908449469039602,1.6028513476863238,False,False,False,False
Riboswitch_dataset_v1,100,100,3.0,6.4692737604563995,9.24184537803261,6.550612319038211,1.5646351064603359,False,False,False,False
Viral_RNA_dataset_v1,281,281,2.00921730819686,5.47366072261016,8.30102999566398,5.247901848128752,1.2730007527555376,False,False,False,False
Viral_RNA_independent_dataset_v1,141,141,2.74472749489669,5.56863623584101,8.30102999566398,5.489752689783542,1.061026465123192,False,False,False,False
independent_data,48,48,2.7052400079645516,5.305466597146091,7.101274818410507,5.117702833649003,1.0568657864546573,True,False,False,False
