split,stratifier,stratum,metric,n_complexes,mean,ci95_low,ci95_high
split2026,rna_length_quartile,Q1,auprc,14,0.28790689288701776,0.15366024975850026,0.43355843574750963
split2026,rna_length_quartile,Q1,auroc,14,0.5944293024485388,0.43961129907048235,0.7472733019207224
split2026,rna_length_quartile,Q1,mcc,14,-0.004991875190517927,-0.10599689799130851,0.09618818275011162
split2026,rna_length_quartile,Q1,f1,14,0.0800968975651092,0.02402950310559006,0.1474719908116902
split2026,rna_length_quartile,Q1,p_at_5,14,0.27142857142857146,0.07142857142857142,0.5
split2026,rna_length_quartile,Q1,p_at_10,14,0.2642857142857143,0.07857142857142858,0.4714285714285714
split2026,rna_length_quartile,Q1,p_at_nc,14,0.22242885319808398,0.08529515356438439,0.3697731755424063
split2026,rna_length_quartile,Q2,auprc,18,0.08923396492662272,0.07518328722293936,0.10331197337940609
split2026,rna_length_quartile,Q2,auroc,18,0.5619978917242467,0.4798316146454886,0.6373559868048464
split2026,rna_length_quartile,Q2,mcc,18,-0.032961630456196184,-0.06421056023256205,-0.006197006249282545
split2026,rna_length_quartile,Q2,f1,18,0.02411903909291186,0.004192872117400412,0.04744771367944806
split2026,rna_length_quartile,Q2,p_at_5,18,0.022222222222222223,0.0,0.05555555555555555
split2026,rna_length_quartile,Q2,p_at_10,18,0.03888888888888889,0.005555555555555556,0.08333333333333333
split2026,rna_length_quartile,Q2,p_at_nc,18,0.05582850681109893,0.019954130846751204,0.09837418961182218
split2026,rna_length_quartile,Q3,auprc,11,0.09086600267949127,0.03432958380144194,0.1577041089502252
split2026,rna_length_quartile,Q3,auroc,11,0.6591810258373542,0.5643010974726168,0.7340470714818053
split2026,rna_length_quartile,Q3,mcc,11,0.02955433352941768,-0.017107084055816228,0.08169857457511824
split2026,rna_length_quartile,Q3,f1,11,0.06660279883548545,0.02901772768223395,0.11006287000263391
split2026,rna_length_quartile,Q3,p_at_5,11,0.10909090909090909,0.0,0.23636363636363636
split2026,rna_length_quartile,Q3,p_at_10,11,0.12727272727272726,0.018181818181818184,0.2636363636363636
split2026,rna_length_quartile,Q3,p_at_nc,11,0.11125979875979876,0.02462121212121212,0.20866239616239612
split2026,rna_length_quartile,Q4,auprc,19,0.015554437422494538,0.010764228274613897,0.0217561670681861
split2026,rna_length_quartile,Q4,auroc,19,0.5846416319386275,0.47449168318890383,0.6830602863087808
split2026,rna_length_quartile,Q4,mcc,19,0.046350296945139376,0.021864882979052487,0.07023004339833042
split2026,rna_length_quartile,Q4,f1,19,0.03138028423172632,0.019244827049206152,0.04345649999564381
split2026,rna_length_quartile,Q4,p_at_5,19,0.0,0.0,0.0
split2026,rna_length_quartile,Q4,p_at_10,19,0.010526315789473684,0.0,0.03157894736842106
split2026,rna_length_quartile,Q4,p_at_nc,19,0.007894736842105263,0.0,0.023684210526315787
split2027,rna_length_quartile,Q1,auprc,20,0.08808881106797968,0.06112517741285849,0.11902121412829914
split2027,rna_length_quartile,Q1,auroc,20,0.5394285212956157,0.4602807512541333,0.6126522266296808
split2027,rna_length_quartile,Q1,mcc,20,-0.005521007553582561,-0.05717822325615413,0.05046135193720141
split2027,rna_length_quartile,Q1,f1,20,0.07016655861717008,0.026393656053970878,0.12051930952673581
split2027,rna_length_quartile,Q1,p_at_5,20,0.02,0.0,0.05
split2027,rna_length_quartile,Q1,p_at_10,20,0.02,0.0,0.045
split2027,rna_length_quartile,Q1,p_at_nc,20,0.03747029114676174,0.010795454545454544,0.07226121509209738
split2027,rna_length_quartile,Q2,auprc,4,0.09279491817336472,0.035797723501709906,0.13446974127327152
split2027,rna_length_quartile,Q2,auroc,4,0.5526526332256488,0.4867112080928551,0.6432842562142486
split2027,rna_length_quartile,Q2,mcc,4,0.07697975733807977,0.0020843153072473255,0.12847854498236455
split2027,rna_length_quartile,Q2,f1,4,0.13246753246753243,0.04642857142857142,0.19999999999999996
split2027,rna_length_quartile,Q2,p_at_5,4,0.1,0.0,0.30000000000000004
split2027,rna_length_quartile,Q2,p_at_10,4,0.1,0.0,0.30000000000000004
split2027,rna_length_quartile,Q2,p_at_nc,4,0.08547008547008544,0.027777777777777776,0.12179487179487178
split2027,rna_length_quartile,Q3,auprc,18,0.058303564314345434,0.03299067892738522,0.09409625129537766
split2027,rna_length_quartile,Q3,auroc,18,0.5665416324976824,0.5251266112959532,0.6084429703051475
split2027,rna_length_quartile,Q3,mcc,18,0.028483768992287075,-0.007168260925373372,0.0639544766284086
split2027,rna_length_quartile,Q3,f1,18,0.06560988435096594,0.036648364913035414,0.09645188279747856
split2027,rna_length_quartile,Q3,p_at_5,18,0.044444444444444446,0.0,0.13333333333333336
split2027,rna_length_quartile,Q3,p_at_10,18,0.049999999999999996,0.0,0.13888888888888887
split2027,rna_length_quartile,Q3,p_at_nc,18,0.04063545150501671,0.002564102564102561,0.09401709401709402
split2027,rna_length_quartile,Q4,auprc,8,0.022076092064912536,0.009209261503537524,0.0362088918845304
split2027,rna_length_quartile,Q4,auroc,8,0.4713401757528898,0.35572163823248104,0.5769219816456774
split2027,rna_length_quartile,Q4,mcc,8,-0.0038430302392185372,-0.02289882075659002,0.020561420596145148
split2027,rna_length_quartile,Q4,f1,8,0.024369814162406286,0.011182598039215662,0.03781952484108955
split2027,rna_length_quartile,Q4,p_at_5,8,0.0,0.0,0.0
split2027,rna_length_quartile,Q4,p_at_10,8,0.0,0.0,0.0
split2027,rna_length_quartile,Q4,p_at_nc,8,0.0234375,0.0,0.0703125
split2028,rna_length_quartile,Q1,auprc,12,0.08826652717656765,0.05280929318281505,0.12960267859075672
split2028,rna_length_quartile,Q1,auroc,12,0.4994016986597356,0.3777464205018629,0.6218249694165444
split2028,rna_length_quartile,Q1,mcc,12,0.029014216713781262,-0.030395119535104338,0.10591941339756407
split2028,rna_length_quartile,Q1,f1,12,0.0666036495150419,0.0,0.14495862787002023
split2028,rna_length_quartile,Q1,p_at_5,12,0.016666666666666666,0.0,0.05000000000000001
split2028,rna_length_quartile,Q1,p_at_10,12,0.024999999999999998,0.0,0.075
split2028,rna_length_quartile,Q1,p_at_nc,12,0.013888888888888883,0.0,0.04166666666666665
split2028,rna_length_quartile,Q2,auprc,22,0.07810198575566182,0.05778220945893035,0.10063255672688702
split2028,rna_length_quartile,Q2,auroc,22,0.5547301749181923,0.45800509663926203,0.6486266417599115
split2028,rna_length_quartile,Q2,mcc,22,-0.03194067752421449,-0.05961586083930233,0.012080767441249963
split2028,rna_length_quartile,Q2,f1,22,0.027361275088547812,0.002272727272727273,0.0687802538370719
split2028,rna_length_quartile,Q2,p_at_5,22,0.009090909090909092,0.0,0.02727272727272728
split2028,rna_length_quartile,Q2,p_at_10,22,0.004545454545454546,0.0,0.01363636363636364
split2028,rna_length_quartile,Q2,p_at_nc,22,0.021603396603396594,0.0034965034965034956,0.044580419580419556
split2028,rna_length_quartile,Q3,auprc,16,0.08970541004054072,0.05075744659993742,0.13293215286791735
split2028,rna_length_quartile,Q3,auroc,16,0.5950057882903484,0.5064770961623488,0.6764580936572467
split2028,rna_length_quartile,Q3,mcc,16,0.07641066937740738,0.017034173384804216,0.14047406244410274
split2028,rna_length_quartile,Q3,f1,16,0.09509192909380633,0.040615000182364476,0.15347264596449572
split2028,rna_length_quartile,Q3,p_at_5,16,0.2125,0.05,0.4
split2028,rna_length_quartile,Q3,p_at_10,16,0.1125,0.03125,0.20625
split2028,rna_length_quartile,Q3,p_at_nc,16,0.11615628037675221,0.04854664048125093,0.18960059470682022
split2028,rna_length_quartile,Q4,auprc,16,0.027903589520854158,0.008865813846265952,0.054985138124326136
split2028,rna_length_quartile,Q4,auroc,16,0.6578539156560825,0.5774922311056915,0.7342710450819562
split2028,rna_length_quartile,Q4,mcc,16,0.001226805600263732,-0.014517162980413426,0.023301440466816016
split2028,rna_length_quartile,Q4,f1,16,0.013001437744462161,0.0,0.031834252157238715
split2028,rna_length_quartile,Q4,p_at_5,16,0.075,0.0,0.1875
split2028,rna_length_quartile,Q4,p_at_10,16,0.06875,0.0,0.175
split2028,rna_length_quartile,Q4,p_at_nc,16,0.02866900285378545,0.0,0.06774068322981364
split2026,ligand_atoms_quartile,Q1,auprc,18,0.13203463166218943,0.08520155159705797,0.1868563770191026
split2026,ligand_atoms_quartile,Q1,auroc,18,0.5658353921753119,0.48112768286276486,0.6488817326338493
split2026,ligand_atoms_quartile,Q1,mcc,18,-0.010231648857109393,-0.055466915621783804,0.04668418419686822
split2026,ligand_atoms_quartile,Q1,f1,18,0.05160625553132272,0.014730270217539742,0.1019655659281591
split2026,ligand_atoms_quartile,Q1,p_at_5,18,0.07777777777777778,0.011111111111111112,0.17777777777777778
split2026,ligand_atoms_quartile,Q1,p_at_10,18,0.1111111111111111,0.03888888888888889,0.2
split2026,ligand_atoms_quartile,Q1,p_at_nc,18,0.10734001917787446,0.04595834529620059,0.17712099908118958
split2026,ligand_atoms_quartile,Q2,auprc,25,0.13401408792761074,0.058238697808742995,0.23184331250885462
split2026,ligand_atoms_quartile,Q2,auroc,25,0.6330793096772637,0.5402969871275989,0.7216944092644954
split2026,ligand_atoms_quartile,Q2,mcc,25,0.023635609318976333,-0.03098194421066742,0.06999451965392964
split2026,ligand_atoms_quartile,Q2,f1,25,0.06134271732112346,0.035747571048088164,0.0911695693460043
split2026,ligand_atoms_quartile,Q2,p_at_5,25,0.136,0.032,0.272
split2026,ligand_atoms_quartile,Q2,p_at_10,25,0.12400000000000003,0.032,0.248
split2026,ligand_atoms_quartile,Q2,p_at_nc,25,0.1023034623034623,0.02813852813852814,0.19524073674073672
split2026,ligand_atoms_quartile,Q3,auprc,17,0.03312070564321245,0.016793197611821454,0.05243770843352575
split2026,ligand_atoms_quartile,Q3,auroc,17,0.5488052387550949,0.4273247045240097,0.6546267435386901
split2026,ligand_atoms_quartile,Q3,mcc,17,-0.007406694845254811,-0.02546877322499254,0.012455526360981855
split2026,ligand_atoms_quartile,Q3,f1,17,0.011657611488273467,0.002683963319167971,0.022444765900570485
split2026,ligand_atoms_quartile,Q3,p_at_5,17,0.0,0.0,0.0
split2026,ligand_atoms_quartile,Q3,p_at_10,17,0.0,0.0,0.0
split2026,ligand_atoms_quartile,Q3,p_at_nc,17,0.017093515037593977,0.0,0.04570018796992479
split2026,ligand_atoms_quartile,Q4,auprc,2,0.1935772291555814,0.0619315477867823,0.3252229105243805
split2026,ligand_atoms_quartile,Q4,auroc,2,0.7049108263717703,0.7045386904761904,0.70528296226735
split2026,ligand_atoms_quartile,Q4,mcc,2,0.12966807453530793,0.075806203882746,0.1835299451878699
split2026,ligand_atoms_quartile,Q4,f1,2,0.11184776464226895,0.0737704918032786,0.1499250374812593
split2026,ligand_atoms_quartile,Q4,p_at_5,2,0.3,0.0,0.6
split2026,ligand_atoms_quartile,Q4,p_at_10,2,0.44999999999999996,0.2,0.7
split2026,ligand_atoms_quartile,Q4,p_at_nc,2,0.25357142857142856,0.15,0.3571428571428571
split2027,ligand_atoms_quartile,Q1,auprc,13,0.09682371607766695,0.057168759606461915,0.14035484433608006
split2027,ligand_atoms_quartile,Q1,auroc,13,0.5176355753120496,0.41785554018648324,0.6129952294196207
split2027,ligand_atoms_quartile,Q1,mcc,13,0.04370773567989447,-0.022448785738909197,0.10985759955134242
split2027,ligand_atoms_quartile,Q1,f1,13,0.12305715519021125,0.06042865399848411,0.18866247049353926
split2027,ligand_atoms_quartile,Q1,p_at_5,13,0.015384615384615385,0.0,0.04615384615384616
split2027,ligand_atoms_quartile,Q1,p_at_10,13,0.02307692307692308,0.0,0.06153846153846154
split2027,ligand_atoms_quartile,Q1,p_at_nc,13,0.07869747773593927,0.034355574980574975,0.1279174884944116
split2027,ligand_atoms_quartile,Q2,auprc,9,0.07041257647083635,0.04949136390026789,0.09315762351138498
split2027,ligand_atoms_quartile,Q2,auroc,9,0.507821119038164,0.4324029062764461,0.5809534570665551
split2027,ligand_atoms_quartile,Q2,mcc,9,-0.02032100546272307,-0.09536216928020208,0.06007762050038749
split2027,ligand_atoms_quartile,Q2,f1,9,0.05787510044425995,0.016806722689075623,0.10286217083766874
split2027,ligand_atoms_quartile,Q2,p_at_5,9,0.0,0.0,0.0
split2027,ligand_atoms_quartile,Q2,p_at_10,9,0.022222222222222223,0.0,0.06666666666666668
split2027,ligand_atoms_quartile,Q2,p_at_nc,9,0.026570048309178744,0.0,0.07971014492753624
split2027,ligand_atoms_quartile,Q3,auprc,16,0.06053325092833724,0.02880537723348098,0.103970036062265
split2027,ligand_atoms_quartile,Q3,auroc,16,0.5315701339223786,0.45706839845937447,0.5969869466006622
split2027,ligand_atoms_quartile,Q3,mcc,16,0.03464789784013185,-0.0011223138359309787,0.06869013119794497
split2027,ligand_atoms_quartile,Q3,f1,16,0.0655570767355969,0.036021940945631735,0.0960058554895227
split2027,ligand_atoms_quartile,Q3,p_at_5,16,0.0875,0.0,0.2
split2027,ligand_atoms_quartile,Q3,p_at_10,16,0.075,0.0,0.18125
split2027,ligand_atoms_quartile,Q3,p_at_nc,16,0.045526175213675205,0.0078125,0.1016025641025641
split2027,ligand_atoms_quartile,Q4,auprc,12,0.04150627301083146,0.02501475449812501,0.06200037921103648
split2027,ligand_atoms_quartile,Q4,auroc,12,0.5969064213865111,0.5504120496541951,0.6461639285896228
split2027,ligand_atoms_quartile,Q4,mcc,12,-0.02168461682401192,-0.04091602191940172,-5.411038383905885e-05
split2027,ligand_atoms_quartile,Q4,f1,12,0.011633798715794367,0.0,0.0297944674388509
split2027,ligand_atoms_quartile,Q4,p_at_5,12,0.0,0.0,0.0
split2027,ligand_atoms_quartile,Q4,p_at_10,12,0.0,0.0,0.0
split2027,ligand_atoms_quartile,Q4,p_at_nc,12,0.0016339869281045752,0.0,0.004901960784313725
split2028,ligand_atoms_quartile,Q1,auprc,16,0.11883969145518507,0.09460606017081896,0.14290385506982958
split2028,ligand_atoms_quartile,Q1,auroc,16,0.6031524810194682,0.5188142129418813,0.6889440841486952
split2028,ligand_atoms_quartile,Q1,mcc,16,0.02735263885085692,-0.02521664064015508,0.09110756252821299
split2028,ligand_atoms_quartile,Q1,f1,16,0.07076028529282287,0.019265340364333642,0.13544823937213069
split2028,ligand_atoms_quartile,Q1,p_at_5,16,0.0875,0.0,0.19999999999999998
split2028,ligand_atoms_quartile,Q1,p_at_10,16,0.075,0.0,0.17500000000000002
split2028,ligand_atoms_quartile,Q1,p_at_nc,16,0.05668448399426658,0.018543956043956037,0.09928929765886284
split2028,ligand_atoms_quartile,Q2,auprc,11,0.09319635176414924,0.05157736437487765,0.14359846827221825
split2028,ligand_atoms_quartile,Q2,auroc,11,0.5154180373814873,0.3567592126470642,0.6664368725837013
split2028,ligand_atoms_quartile,Q2,mcc,11,0.024935173831732573,-0.046982317087409325,0.11331106904266922
split2028,ligand_atoms_quartile,Q2,f1,11,0.07592703622803275,0.012987012987012981,0.14841818144645066
split2028,ligand_atoms_quartile,Q2,p_at_5,11,0.10909090909090911,0.0,0.2727272727272727
split2028,ligand_atoms_quartile,Q2,p_at_10,11,0.08181818181818182,0.0,0.17272727272727273
split2028,ligand_atoms_quartile,Q2,p_at_nc,11,0.06219588572529747,0.0,0.141133111721347
split2028,ligand_atoms_quartile,Q3,auprc,33,0.04720492253902381,0.028156385437041718,0.07038625976079048
split2028,ligand_atoms_quartile,Q3,auroc,33,0.6134678907410019,0.5433028626604085,0.6788420220881725
split2028,ligand_atoms_quartile,Q3,mcc,33,0.011569922627111633,-0.01859193717676972,0.04635540532146979
split2028,ligand_atoms_quartile,Q3,f1,33,0.035042525367345784,0.009049138632262687,0.06660523136133048
split2028,ligand_atoms_quartile,Q3,p_at_5,33,0.07272727272727272,0.0,0.16363636363636364
split2028,ligand_atoms_quartile,Q3,p_at_10,33,0.03636363636363636,0.0,0.08181818181818182
split2028,ligand_atoms_quartile,Q3,p_at_nc,33,0.04063673968837665,0.0101010101010101,0.07831016831531108
split2028,ligand_atoms_quartile,Q4,auprc,6,0.029138104874883563,0.01970463535277155,0.039164745464568565
split2028,ligand_atoms_quartile,Q4,auroc,6,0.4463601655498388,0.33999625796000016,0.5413186902036494
split2028,ligand_atoms_quartile,Q4,mcc,6,-0.03434354763034315,-0.04868513316052806,-0.017674405980073683
split2028,ligand_atoms_quartile,Q4,f1,6,0.0011534025374855667,0.0,0.0034602076124567
split2028,ligand_atoms_quartile,Q4,p_at_5,6,0.0,0.0,0.0
split2028,ligand_atoms_quartile,Q4,p_at_10,6,0.0,0.0,0.0
split2028,ligand_atoms_quartile,Q4,p_at_nc,6,0.0045045045045045,0.0,0.0135135135135135
split2026,density_quartile,Q1,auprc,21,0.014588449839386175,0.010029480660343103,0.020690881964426658
split2026,density_quartile,Q1,auroc,21,0.6011714613183285,0.4916081157102401,0.692911950977241
split2026,density_quartile,Q1,mcc,21,0.038713947860691524,0.0129003720214762,0.06456486953038922
split2026,density_quartile,Q1,f1,21,0.02839168573346667,0.01696593503043084,0.040364702979480666
split2026,density_quartile,Q1,p_at_5,21,0.0,0.0,0.0
split2026,density_quartile,Q1,p_at_10,21,0.009523809523809525,0.0,0.028571428571428574
split2026,density_quartile,Q1,p_at_nc,21,0.0075,0.0,0.0225
split2026,density_quartile,Q2,auprc,9,0.07743771104084453,0.03058227393352257,0.1462654506630781
split2026,density_quartile,Q2,auroc,9,0.701511279761959,0.6409965799835429,0.7581363856680792
split2026,density_quartile,Q2,mcc,9,0.04064039016509797,0.010160771376575867,0.08142482242906905
split2026,density_quartile,Q2,f1,9,0.04064025829643827,0.01380365547406409,0.07395693329227367
split2026,density_quartile,Q2,p_at_5,9,0.08888888888888889,0.0,0.2222222222222222
split2026,density_quartile,Q2,p_at_10,9,0.09999999999999999,0.0,0.25555555555555554
split2026,density_quartile,Q2,p_at_nc,9,0.06084656084656083,0.0,0.14285714285714282
split2026,density_quartile,Q3,auprc,10,0.08412819747657689,0.05193460798926072,0.12863706074885445
split2026,density_quartile,Q3,auroc,10,0.5855410156870821,0.46786281129710316,0.6909785258710803
split2026,density_quartile,Q3,mcc,10,8.803855808114103e-05,-0.035465510024447984,0.045012924331216966
split2026,density_quartile,Q3,f1,10,0.02684786571287376,0.0,0.07181995673906524
split2026,density_quartile,Q3,p_at_5,10,0.04,0.0,0.12000000000000002
split2026,density_quartile,Q3,p_at_10,10,0.03,0.0,0.09
split2026,density_quartile,Q3,p_at_nc,10,0.06502219923272554,0.0,0.15482434587697658
split2026,density_quartile,Q4,auprc,22,0.21882140662687036,0.13494119095077803,0.3162106511695191
split2026,density_quartile,Q4,auroc,22,0.5459220169462384,0.44646566692141454,0.6486251605882376
split2026,density_quartile,Q4,mcc,22,-0.026971512235797513,-0.09019011439192544,0.03800539602628732
split2026,density_quartile,Q4,f1,22,0.07517677613534547,0.035761935043266566,0.11975247224805746
split2026,density_quartile,Q4,p_at_5,22,0.19090909090909092,0.06363636363636363,0.34545454545454546
split2026,density_quartile,Q4,p_at_10,22,0.20909090909090908,0.08636363636363636,0.34545454545454546
split2026,density_quartile,Q4,p_at_nc,22,0.17829568002665253,0.08945873607541155,0.27595053257612706
split2027,density_quartile,Q1,auprc,8,0.006584155803731937,0.004264374806610375,0.008839057517839907
split2027,density_quartile,Q1,auroc,8,0.4265410861150981,0.31548021480741684,0.5429170527883824
split2027,density_quartile,Q1,mcc,8,-0.013955288963419675,-0.02910022698876929,0.01034618157835507
split2027,density_quartile,Q1,f1,8,0.004719216592210074,0.0,0.011216473306041998
split2027,density_quartile,Q1,p_at_5,8,0.0,0.0,0.0
split2027,density_quartile,Q1,p_at_10,8,0.0,0.0,0.0
split2027,density_quartile,Q1,p_at_nc,8,0.0,0.0,0.0
split2027,density_quartile,Q2,auprc,17,0.04966068830825308,0.025890268416987855,0.08759801768627729
split2027,density_quartile,Q2,auroc,17,0.5420158858475667,0.5061819796458427,0.5771086398592797
split2027,density_quartile,Q2,mcc,17,-0.008611861866327652,-0.03526502628617691,0.019783892474278194
split2027,density_quartile,Q2,f1,17,0.02985313700839239,0.0145764372826813,0.04600980003656981
split2027,density_quartile,Q2,p_at_5,17,0.047058823529411764,0.0,0.14117647058823532
split2027,density_quartile,Q2,p_at_10,17,0.05294117647058823,0.0,0.14705882352941177
split2027,density_quartile,Q2,p_at_nc,17,0.04862531969309464,0.0,0.10818414322250641
split2027,density_quartile,Q3,auprc,14,0.07050915984509991,0.0567542591886637,0.08640759627535732
split2027,density_quartile,Q3,auroc,14,0.5958971958095302,0.5474261160930396,0.6405209228605767
split2027,density_quartile,Q3,mcc,14,0.042426470910178704,-0.005192610306642317,0.08819969302697073
split2027,density_quartile,Q3,f1,14,0.09318363904064565,0.056013204719687806,0.1273180661088254
split2027,density_quartile,Q3,p_at_5,14,0.042857142857142864,0.0,0.11428571428571428
split2027,density_quartile,Q3,p_at_10,14,0.03571428571428571,0.0,0.09999999999999999
split2027,density_quartile,Q3,p_at_nc,14,0.02345848595848595,0.003296703296703293,0.04726800976800976
split2027,density_quartile,Q4,auprc,11,0.13409050933900124,0.10133225949804907,0.1712796728388121
split2027,density_quartile,Q4,auroc,11,0.5453174781939518,0.416489694047797,0.6666831206228548
split2027,density_quartile,Q4,mcc,11,0.031230531720046587,-0.060414223378866365,0.12089587100398902
split2027,density_quartile,Q4,f1,11,0.13266452048916166,0.05803082960573356,0.20814550557321973
split2027,density_quartile,Q4,p_at_5,11,0.018181818181818184,0.0,0.05454545454545456
split2027,density_quartile,Q4,p_at_10,11,0.02727272727272728,0.0,0.07272727272727274
split2027,density_quartile,Q4,p_at_nc,11,0.07774318670040595,0.03280854617753013,0.13037795166805857
split2028,density_quartile,Q1,auprc,16,0.013453713126004914,0.00864646233469767,0.020285710408501734
split2028,density_quartile,Q1,auroc,16,0.7223618644901924,0.645448709121696,0.7885054775668889
split2028,density_quartile,Q1,mcc,16,-0.013527988015092932,-0.01587486358760292,-0.011032348143094355
split2028,density_quartile,Q1,f1,16,0.0004325259515570875,0.0,0.0012975778546712624
split2028,density_quartile,Q1,p_at_5,16,0.0,0.0,0.0
split2028,density_quartile,Q1,p_at_10,16,0.0,0.0,0.0
split2028,density_quartile,Q1,p_at_nc,16,0.0016891891891891875,0.0,0.005067567567567563
split2028,density_quartile,Q2,auprc,19,0.0895853008516521,0.05436338342462499,0.1276332873834391
split2028,density_quartile,Q2,auroc,19,0.5648721198074478,0.4869954789744061,0.6383235637785523
split2028,density_quartile,Q2,mcc,19,0.037683645812066936,-0.013169034923481888,0.09347473144540515
split2028,density_quartile,Q2,f1,19,0.06091472237006638,0.01834327197303604,0.10606101200036641
split2028,density_quartile,Q2,p_at_5,19,0.23157894736842102,0.08421052631578947,0.39999999999999997
split2028,density_quartile,Q2,p_at_10,19,0.14210526315789473,0.05263157894736842,0.24210526315789477
split2028,density_quartile,Q2,p_at_nc,19,0.09641679197192317,0.0341614906832298,0.16522635640224004
split2028,density_quartile,Q3,auprc,19,0.071548975453566,0.051622685759353006,0.09425334277137327
split2028,density_quartile,Q3,auroc,19,0.5211876064905568,0.41793115624514,0.6234128661563207
split2028,density_quartile,Q3,mcc,19,-0.013734090187884348,-0.04481774073780288,0.027411617342520095
split2028,density_quartile,Q3,f1,19,0.029747038376637953,0.002216066481994458,0.06927515497520026
split2028,density_quartile,Q3,p_at_5,19,0.010526315789473684,0.0,0.03157894736842106
split2028,density_quartile,Q3,p_at_10,19,0.010526315789473684,0.0,0.03157894736842106
split2028,density_quartile,Q3,p_at_nc,19,0.024118866168159753,0.0024479804161566684,0.05027867488069454
split2028,density_quartile,Q4,auprc,12,0.11519794549253894,0.0810210107908766,0.15270742706749366
split2028,density_quartile,Q4,auroc,12,0.5041429053128992,0.3948643124390735,0.6108697544575115
split2028,density_quartile,Q4,mcc,12,0.05409012883811765,-0.027818285491483654,0.1494494126347442
split2028,density_quartile,Q4,f1,12,0.11676598717737957,0.04166666666666665,0.20313063387034888
split2028,density_quartile,Q4,p_at_5,12,0.03333333333333333,0.0,0.08333333333333333
split2028,density_quartile,Q4,p_at_10,12,0.03333333333333333,0.0,0.09166666666666666
split2028,density_quartile,Q4,p_at_nc,12,0.05349511599511597,0.01831501831501831,0.09516178266178262
split2026,ligand_similarity_bin,<0.4,auprc,38,0.1386197148217008,0.08381875913800198,0.204463361299775
split2026,ligand_similarity_bin,<0.4,auroc,38,0.624939276240418,0.5566239456326693,0.6922511717785701
split2026,ligand_similarity_bin,<0.4,mcc,38,0.012679189171542406,-0.025394498342451916,0.04615824108121052
split2026,ligand_similarity_bin,<0.4,f1,38,0.055628941861136476,0.03546728673907925,0.07775538238703111
split2026,ligand_similarity_bin,<0.4,p_at_5,38,0.1,0.02631578947368421,0.18960526315789286
split2026,ligand_similarity_bin,<0.4,p_at_10,38,0.12105263157894736,0.049999999999999996,0.20526315789473687
split2026,ligand_similarity_bin,<0.4,p_at_nc,38,0.11640925776565392,0.059247603263821134,0.1808727030862956
split2026,ligand_similarity_bin,0.4-0.8,auprc,23,0.051735172077605675,0.025893088017492776,0.0898212356237099
split2026,ligand_similarity_bin,0.4-0.8,auroc,23,0.5380299604673674,0.4437889958779087,0.6254468221134338
split2026,ligand_similarity_bin,0.4-0.8,mcc,23,-0.004570015627911336,-0.04203796332387869,0.04209381061124538
split2026,ligand_similarity_bin,0.4-0.8,f1,23,0.0269795925640277,0.004641325745966791,0.06471970457803937
split2026,ligand_similarity_bin,0.4-0.8,p_at_5,23,0.043478260869565216,0.0,0.12173913043478261
split2026,ligand_similarity_bin,0.4-0.8,p_at_10,23,0.03043478260869565,0.0,0.08695652173913043
split2026,ligand_similarity_bin,0.4-0.8,p_at_nc,23,0.026350461133069825,0.0,0.06719367588932805
split2026,ligand_similarity_bin,>=0.8,auprc,1,0.3252229105243805,0.3252229105243805,0.3252229105243805
split2026,ligand_similarity_bin,>=0.8,auroc,1,0.70528296226735,0.70528296226735,0.70528296226735
split2026,ligand_similarity_bin,>=0.8,mcc,1,0.1835299451878699,0.1835299451878699,0.1835299451878699
split2026,ligand_similarity_bin,>=0.8,f1,1,0.1499250374812593,0.1499250374812593,0.1499250374812593
split2026,ligand_similarity_bin,>=0.8,p_at_5,1,0.6,0.6,0.6
split2026,ligand_similarity_bin,>=0.8,p_at_10,1,0.7,0.7,0.7
split2026,ligand_similarity_bin,>=0.8,p_at_nc,1,0.3571428571428571,0.3571428571428571,0.3571428571428571
split2027,ligand_similarity_bin,<0.4,auprc,23,0.07575540845164722,0.05613077301223241,0.09727304862568835
split2027,ligand_similarity_bin,<0.4,auroc,23,0.5543855718182278,0.4941366959437478,0.6083176938708562
split2027,ligand_similarity_bin,<0.4,mcc,23,0.028341448226617823,-0.010781492423349432,0.06571478545234304
split2027,ligand_similarity_bin,<0.4,f1,23,0.09161728775177731,0.056434247569183235,0.12835531719362045
split2027,ligand_similarity_bin,<0.4,p_at_5,23,0.017391304347826087,0.0,0.043478260869565216
split2027,ligand_similarity_bin,<0.4,p_at_10,23,0.017391304347826087,0.0,0.0391304347826087
split2027,ligand_similarity_bin,<0.4,p_at_nc,23,0.04270456383627739,0.020504921336123378,0.06769956164537365
split2027,ligand_similarity_bin,0.4-0.8,auprc,27,0.05987608866084016,0.03470433697514031,0.09123561373255536
split2027,ligand_similarity_bin,0.4-0.8,auroc,27,0.5265475406658175,0.47083976840790914,0.5797192993840985
split2027,ligand_similarity_bin,0.4-0.8,mcc,27,0.0010225618154028491,-0.03334589097649195,0.038522830346734246
split2027,ligand_similarity_bin,0.4-0.8,f1,27,0.04451630057552927,0.019386841918861,0.07624807533965275
split2027,ligand_similarity_bin,0.4-0.8,p_at_5,27,0.04444444444444445,0.0,0.11851851851851852
split2027,ligand_similarity_bin,0.4-0.8,p_at_10,27,0.04814814814814815,0.0,0.1148148148148148
split2027,ligand_similarity_bin,0.4-0.8,p_at_nc,27,0.038074789765611024,0.004115226337448559,0.07840400787260692
split2028,ligand_similarity_bin,<0.4,auprc,16,0.09318932163839483,0.06411137265244458,0.12552237109732264
split2028,ligand_similarity_bin,<0.4,auroc,16,0.5213705156634879,0.44159973686555287,0.6043479248794728
split2028,ligand_similarity_bin,<0.4,mcc,16,0.045434563878218655,-0.015279378313272864,0.11767557115486642
split2028,ligand_similarity_bin,<0.4,f1,16,0.0863619683371793,0.02748567019400351,0.1577799489076519
split2028,ligand_similarity_bin,<0.4,p_at_5,16,0.025,0.0,0.0625
split2028,ligand_similarity_bin,<0.4,p_at_10,16,0.018750000000000003,0.0,0.05
split2028,ligand_similarity_bin,<0.4,p_at_nc,16,0.038150616275616264,0.009615384615384612,0.07032410157410154
split2028,ligand_similarity_bin,0.4-0.8,auprc,50,0.06336313719022746,0.045533879602197354,0.08292077368496754
split2028,ligand_similarity_bin,0.4-0.8,auroc,50,0.5980142248928828,0.536248514317706,0.6556187958337776
split2028,ligand_similarity_bin,0.4-0.8,mcc,50,0.0032144454524779126,-0.02121724653728598,0.030756772717198212
split2028,ligand_similarity_bin,0.4-0.8,f1,50,0.03497788444291963,0.014165953100603984,0.05887566950807295
split2028,ligand_similarity_bin,0.4-0.8,p_at_5,50,0.092,0.031900000000000095,0.16399999999999998
split2028,ligand_similarity_bin,0.4-0.8,p_at_10,50,0.06,0.022000000000000002,0.106
split2028,ligand_similarity_bin,0.4-0.8,p_at_nc,50,0.046974721264402684,0.020023648396238262,0.07839513449589446
